hotel_name_ar,hotel_name_en,city,district,zone_type,proximity_band,central_map_number,central_sector,distance_to_haram_km,verification_status,source_authority,source_url,source_map_edition,source_notes,name_method,source_catalogue
فندق 8 بوينتس السلام 1,8Points Hotel - El Salam 1,المدينة المنورة,,,,,,,مصدر حجز — يحتاج مطابقة الترخيص / OTA sourced — licence verification required,Expedia Madinah all-properties directory,https://www.expedia.co.uk/All-Madinah-Hotels.d602705.Travel-Guide-City-All-Hotels,,,OTA English + standardized Arabic,OTA400
فندق 8 بوينتس السلام 2,8Points Hotel - Al Salam 2,المدينة المنورة,,,,,,,مصدر حجز — يحتاج مطابقة الترخيص / OTA sourced — licence verification required,Expedia Madinah all-properties directory,https://www.expedia.co.uk/All-Madinah-Hotels.d602705.Travel-Guide-City-All-Hotels,,,OTA English + standardized Arabic,OTA400
فندق أبراج المارزام,Abraj Almarzam Hotel,المدينة المنورة,,,,,,,مصدر حجز — يحتاج مطابقة الترخيص / OTA sourced — licence verification required,Expedia Madinah all-properties directory,https://www.expedia.co.uk/All-Madinah-Hotels.d602705.Travel-Guide-City-All-Hotels,,,OTA English + standardized Arabic,OTA400
أبراج طابة,Abraj Taba Hotel,المدينة المنورة,المنطقة المركزية,المنطقة المركزية / Central Zone,داخل المنطقة المركزية / Central Area,166,100,0,رسمي موثق / Official Verified,المخطط الإرشادي للمسجد النبوي ومرافقه وفنادق المنطقة المركزية,,1448هـ / 2026م,تمت مطابقة الاسم ورقم الموقع من المخطط المرفق؛ الترخيص التجاري يحتاج تحققًا مستقلاً,Standardized transliteration from official-map Arabic name,Central204
أبراج طابة الفضي,Abraj Taba Al Fdy Hotel,المدينة المنورة,المنطقة المركزية,المنطقة المركزية / Central Zone,داخل المنطقة المركزية / Central Area,333,300,0,رسمي موثق / Official Verified,المخطط الإرشادي للمسجد النبوي ومرافقه وفنادق المنطقة المركزية,,1448هـ / 2026م,تمت مطابقة الاسم ورقم الموقع من المخطط المرفق؛ الترخيص التجاري يحتاج تحققًا مستقلاً,Standardized transliteration from official-map Arabic name,Central204
أجنحة الروضة الفاخرة,Suites Al Rawda Al Fakhra,المدينة المنورة,المنطقة المركزية,المنطقة المركزية / Central Zone,داخل المنطقة المركزية / Central Area,116,100,0,رسمي موثق / Official Verified,المخطط الإرشادي للمسجد النبوي ومرافقه وفنادق المنطقة المركزية,,1448هـ / 2026م,تمت مطابقة الاسم ورقم الموقع من المخطط المرفق؛ الترخيص التجاري يحتاج تحققًا مستقلاً,Standardized transliteration from official-map Arabic name,Central204
أجنحة الريحان,Al Rayhan Suites,المدينة المنورة,,,,,,,مصدر حجز — يحتاج مطابقة الترخيص / OTA sourced — licence verification required,Expedia Madinah all-properties directory,https://www.expedia.co.uk/All-Madinah-Hotels.d602705.Travel-Guide-City-All-Hotels,,,OTA English + standardized Arabic,OTA400
فندق أجنحة الصفوة طيبة,Hotel Ajnihat Safwa Taiba,المدينة المنورة,,,,,,,مصدر حجز — يحتاج مطابقة الترخيص / OTA sourced — licence verification required,Expedia Madinah all-properties directory,https://www.expedia.co.uk/All-Madinah-Hotels.d602705.Travel-Guide-City-All-Hotels,,,OTA English + standardized Arabic,OTA400
فندق أجنحة المها,Al Maha Suites,المدينة المنورة,العزيزية,,,,,,مصدر حجز — يحتاج مطابقة الترخيص / OTA sourced — licence verification required,Existing WAFD reference,,,,OTA/brand matched,OTA400
أجنحة اليا رومس و,Al Alya Hotel Rooms and Suites,المدينة المنورة,,,,,,,مصدر حجز — يحتاج مطابقة الترخيص / OTA sourced — licence verification required,Expedia Madinah all-properties directory,https://www.expedia.co.uk/All-Madinah-Hotels.d602705.Travel-Guide-City-All-Hotels,,,OTA English + standardized Arabic,OTA400
فندق أجنحة جادة قباء,Jadah Quba Suites,المدينة المنورة,قباء,,,,,,مصدر حجز — يحتاج مطابقة الترخيص / OTA sourced — licence verification required,Existing WAFD reference,,,,OTA/brand matched,OTA400
أجنحة حسناء,Hasana Suites,المدينة المنورة,,,,,,,مصدر حجز — يحتاج مطابقة الترخيص / OTA sourced — licence verification required,Expedia Madinah all-properties directory,https://www.expedia.co.uk/All-Madinah-Hotels.d602705.Travel-Guide-City-All-Hotels,,,OTA English + standardized Arabic,OTA400
أجنحة حفاوة,Hafawah Suites,المدينة المنورة,,,,,,,مصدر حجز — يحتاج مطابقة الترخيص / OTA sourced — licence verification required,Expedia Madinah all-properties directory,https://www.expedia.co.uk/All-Madinah-Hotels.d602705.Travel-Guide-City-All-Hotels,,,OTA English + standardized Arabic,OTA400
أجنحة رواق,Rawaq suites hotel,المدينة المنورة,,,,,,,مصدر حجز — يحتاج مطابقة الترخيص / OTA sourced — licence verification required,Expedia Madinah all-properties directory,https://www.expedia.co.uk/All-Madinah-Hotels.d602705.Travel-Guide-City-All-Hotels,,,OTA English + standardized Arabic,OTA400
اجنحه طابه السكنيه,Tabba Residential suites,المدينة المنورة,,,,,,,مصدر حجز — يحتاج مطابقة الترخيص / OTA sourced — licence verification required,Expedia Madinah all-properties directory,https://www.expedia.co.uk/All-Madinah-Hotels.d602705.Travel-Guide-City-All-Hotels,,,Bilingual source row,OTA400
فندق أجنحة طيبة أراك,Taiba Arac Suites,المدينة المنورة,المنطقة المركزية الشمالية,,,,,,مصدر حجز — يحتاج مطابقة الترخيص / OTA sourced — licence verification required,Existing WAFD reference,,,,OTA/brand matched,OTA400
فندق أجنحة طيبة فرونت,Taiba Front Suites,المدينة المنورة,المنطقة المركزية الشمالية,,,,,,مصدر حجز — يحتاج مطابقة الترخيص / OTA sourced — licence verification required,Existing WAFD reference,,,,OTA/brand matched,OTA400
أجنحة عبدالعزيز,AbdulAziz Suites Hotel,المدينة المنورة,,,,,,,مصدر حجز — يحتاج مطابقة الترخيص / OTA sourced — licence verification required,Booking.com Madinah directory,https://www.booking.com/city/sa/medina.en-gb.html,,,OTA English + standardized Arabic,OTA400
أجنحة لفيف ( البدرانى ),( ) Lafif Apartments (Al Badrani),المدينة المنورة,,,,,,,مصدر حجز — يحتاج مطابقة الترخيص / OTA sourced — licence verification required,Expedia Madinah all-properties directory,https://www.expedia.co.uk/All-Madinah-Hotels.d602705.Travel-Guide-City-All-Hotels,,,Bilingual source row,OTA400
أجنحة لفيف ( السلام ),( ) Lafif Apartments (Al Salam),المدينة المنورة,,,,,,,مصدر حجز — يحتاج مطابقة الترخيص / OTA sourced — licence verification required,Expedia Madinah all-properties directory,https://www.expedia.co.uk/All-Madinah-Hotels.d602705.Travel-Guide-City-All-Hotels,,,Bilingual source row,OTA400
أجنحة مكارم الحرم فيو المدينة,Makarem Haram View Suites - Madinah,المدينة المنورة,,,,,,,مصدر حجز — يحتاج مطابقة الترخيص / OTA sourced — licence verification required,Expedia Madinah all-properties directory,https://www.expedia.co.uk/All-Madinah-Hotels.d602705.Travel-Guide-City-All-Hotels,,,OTA English + standardized Arabic,OTA400
أجنحة مكارم بورج المدينة,Makarem Burj Al Madinah Hotel and Suites,المدينة المنورة,,,,,,,مصدر حجز — يحتاج مطابقة الترخيص / OTA sourced — licence verification required,Expedia Madinah all-properties directory,https://www.expedia.co.uk/All-Madinah-Hotels.d602705.Travel-Guide-City-All-Hotels,,,OTA English + standardized Arabic,OTA400
أجنحة نور الراقية,Nour Al Raqia Suites,المدينة المنورة,,,,,,,مصدر حجز — يحتاج مطابقة الترخيص / OTA sourced — licence verification required,Expedia Madinah all-properties directory,https://www.expedia.co.uk/All-Madinah-Hotels.d602705.Travel-Guide-City-All-Hotels,,,OTA English + standardized Arabic,OTA400
فندق أحد هيل,Ouhd Hill Hotel,المدينة المنورة,,,,,,,مصدر حجز — يحتاج مطابقة الترخيص / OTA sourced — licence verification required,Expedia Madinah all-properties directory,https://www.expedia.co.uk/All-Madinah-Hotels.d602705.Travel-Guide-City-All-Hotels,,,OTA English + standardized Arabic,OTA400
فندق أرتال طيبة,Artal Taibah Hotel,المدينة المنورة,,,,,,,مصدر حجز — يحتاج مطابقة الترخيص / OTA sourced — licence verification required,Expedia Madinah all-properties directory,https://www.expedia.co.uk/All-Madinah-Hotels.d602705.Travel-Guide-City-All-Hotels,,,OTA English + standardized Arabic,OTA400
أرجوان الذهبي,Arjwan Golden Hotel,المدينة المنورة,المنطقة المركزية,المنطقة المركزية / Central Zone,داخل المنطقة المركزية / Central Area,256,200,0,رسمي موثق / Official Verified,المخطط الإرشادي للمسجد النبوي ومرافقه وفنادق المنطقة المركزية,,1448هـ / 2026م,تمت مطابقة الاسم ورقم الموقع من المخطط المرفق؛ الترخيص التجاري يحتاج تحققًا مستقلاً,Standardized transliteration from official-map Arabic name,Central204
أرجوان السعادة,Arjwan Al Saadah Hotel,المدينة المنورة,المنطقة المركزية,المنطقة المركزية / Central Zone,داخل المنطقة المركزية / Central Area,212,200,0,رسمي موثق / Official Verified,المخطط الإرشادي للمسجد النبوي ومرافقه وفنادق المنطقة المركزية,,1448هـ / 2026م,تمت مطابقة الاسم ورقم الموقع من المخطط المرفق؛ الترخيص التجاري يحتاج تحققًا مستقلاً,Standardized transliteration from official-map Arabic name,Central204
أرجوان السلام,Arjwan Al Salam Hotel,المدينة المنورة,المنطقة المركزية,المنطقة المركزية / Central Zone,داخل المنطقة المركزية / Central Area,323,300,0,رسمي موثق / Official Verified,المخطط الإرشادي للمسجد النبوي ومرافقه وفنادق المنطقة المركزية,,1448هـ / 2026م,تمت مطابقة الاسم ورقم الموقع من المخطط المرفق؛ الترخيص التجاري يحتاج تحققًا مستقلاً,Standardized transliteration from official-map Arabic name,Central204
أرجوان المدينة,Arjwan Madinah Hotel,المدينة المنورة,المنطقة المركزية,المنطقة المركزية / Central Zone,داخل المنطقة المركزية / Central Area,318,300,0,رسمي موثق / Official Verified,المخطط الإرشادي للمسجد النبوي ومرافقه وفنادق المنطقة المركزية,,1448هـ / 2026م,تمت مطابقة الاسم ورقم الموقع من المخطط المرفق؛ الترخيص التجاري يحتاج تحققًا مستقلاً,Standardized transliteration from official-map Arabic name,Central204
أرجوان روز,Arjwan Rwz Hotel,المدينة المنورة,المنطقة المركزية,المنطقة المركزية / Central Zone,داخل المنطقة المركزية / Central Area,329,300,0,رسمي موثق / Official Verified,المخطط الإرشادي للمسجد النبوي ومرافقه وفنادق المنطقة المركزية,,1448هـ / 2026م,تمت مطابقة الاسم ورقم الموقع من المخطط المرفق؛ الترخيص التجاري يحتاج تحققًا مستقلاً,Standardized transliteration from official-map Arabic name,Central204
أركان الذهبي,Arkan Golden Hotel,المدينة المنورة,المنطقة المركزية,المنطقة المركزية / Central Zone,داخل المنطقة المركزية / Central Area,118,100,0,رسمي موثق / Official Verified,المخطط الإرشادي للمسجد النبوي ومرافقه وفنادق المنطقة المركزية,,1448هـ / 2026م,تمت مطابقة الاسم ورقم الموقع من المخطط المرفق؛ الترخيص التجاري يحتاج تحققًا مستقلاً,Standardized transliteration from official-map Arabic name,Central204
فندق أركان المانار,Arkan Almanar Hotel,المدينة المنورة,,,,,,,مصدر حجز — يحتاج مطابقة الترخيص / OTA sourced — licence verification required,Expedia Madinah all-properties directory,https://www.expedia.co.uk/All-Madinah-Hotels.d602705.Travel-Guide-City-All-Hotels,,,OTA English + standardized Arabic,OTA400
أركان المنار,Arkan Al Mnar Hotel,المدينة المنورة,المنطقة المركزية,المنطقة المركزية / Central Zone,داخل المنطقة المركزية / Central Area,169,100,0,رسمي موثق / Official Verified,المخطط الإرشادي للمسجد النبوي ومرافقه وفنادق المنطقة المركزية,,1448هـ / 2026م,تمت مطابقة الاسم ورقم الموقع من المخطط المرفق؛ الترخيص التجاري يحتاج تحققًا مستقلاً,Standardized transliteration from official-map Arabic name,Central204
فندق أروما سيتي,Aroma City Hotel,المدينة المنورة,,,,,,,مصدر حجز — يحتاج مطابقة الترخيص / OTA sourced — licence verification required,Expedia Madinah all-properties directory,https://www.expedia.co.uk/All-Madinah-Hotels.d602705.Travel-Guide-City-All-Hotels,,,OTA English + standardized Arabic,OTA400
أروية الصفوة الذهبي,Arwya Al Safwa Golden Hotel,المدينة المنورة,المنطقة المركزية,المنطقة المركزية / Central Zone,داخل المنطقة المركزية / Central Area,159,100,0,رسمي موثق / Official Verified,المخطط الإرشادي للمسجد النبوي ومرافقه وفنادق المنطقة المركزية,,1448هـ / 2026م,تمت مطابقة الاسم ورقم الموقع من المخطط المرفق؛ الترخيص التجاري يحتاج تحققًا مستقلاً,Standardized transliteration from official-map Arabic name,Central204
أريك طيبة,Aryk Taiba Hotel,المدينة المنورة,المنطقة المركزية,المنطقة المركزية / Central Zone,داخل المنطقة المركزية / Central Area,223,200,0,رسمي موثق / Official Verified,المخطط الإرشادي للمسجد النبوي ومرافقه وفنادق المنطقة المركزية,,1448هـ / 2026م,تمت مطابقة الاسم ورقم الموقع من المخطط المرفق؛ الترخيص التجاري يحتاج تحققًا مستقلاً,Standardized transliteration from official-map Arabic name,Central204
فندق أزارد,Azard Hotel,المدينة المنورة,,,,,,,مصدر حجز — يحتاج مطابقة الترخيص / OTA sourced — licence verification required,Expedia Madinah all-properties directory,https://www.expedia.co.uk/All-Madinah-Hotels.d602705.Travel-Guide-City-All-Hotels,,,OTA English + standardized Arabic,OTA400
أزهار سلسبيل,Azhar Slsbyl Hotel,المدينة المنورة,المنطقة المركزية,المنطقة المركزية / Central Zone,داخل المنطقة المركزية / Central Area,349,300,0,رسمي موثق / Official Verified,المخطط الإرشادي للمسجد النبوي ومرافقه وفنادق المنطقة المركزية,,1448هـ / 2026م,تمت مطابقة الاسم ورقم الموقع من المخطط المرفق؛ الترخيص التجاري يحتاج تحققًا مستقلاً,Standardized transliteration from official-map Arabic name,Central204
فندق أستون إيست طيبة يكس أرتال الامي,Astoneast Taiba Hotel Ex Artal Al Alami,المدينة المنورة,,,,,,,مصدر حجز — يحتاج مطابقة الترخيص / OTA sourced — licence verification required,Expedia Madinah all-properties directory,https://www.expedia.co.uk/All-Madinah-Hotels.d602705.Travel-Guide-City-All-Hotels,,,OTA English + standardized Arabic,OTA400
أستونيس طيبة,Astwnys Taiba Hotel,المدينة المنورة,المنطقة المركزية,المنطقة المركزية / Central Zone,داخل المنطقة المركزية / Central Area,126,100,0,رسمي موثق / Official Verified,المخطط الإرشادي للمسجد النبوي ومرافقه وفنادق المنطقة المركزية,,1448هـ / 2026م,تمت مطابقة الاسم ورقم الموقع من المخطط المرفق؛ الترخيص التجاري يحتاج تحققًا مستقلاً,Standardized transliteration from official-map Arabic name,Central204
فندق اس ساافا,As'saafa Hotel,المدينة المنورة,,,,,,,مصدر حجز — يحتاج مطابقة الترخيص / OTA sourced — licence verification required,Expedia Madinah all-properties directory,https://www.expedia.co.uk/All-Madinah-Hotels.d602705.Travel-Guide-City-All-Hotels,,,OTA English + standardized Arabic,OTA400
فندق آسين,ASIN HOTEL,المدينة المنورة,,,,,,,مصدر حجز — يحتاج مطابقة الترخيص / OTA sourced — licence verification required,Expedia Madinah all-properties directory,https://www.expedia.co.uk/All-Madinah-Hotels.d602705.Travel-Guide-City-All-Hotels,,,OTA English + standardized Arabic,OTA400
أصالة الألماسة,Asala Al Almasa Hotel,المدينة المنورة,,,,,,,مصدر حجز — يحتاج مطابقة الترخيص / OTA sourced — licence verification required,Booking.com Madinah directory,https://www.booking.com/city/sa/medina.en-gb.html,,,Standardized transliteration,OTA400
فندق أضواء المادينا,Adwaa Almadina Hotel,المدينة المنورة,,,,,,,مصدر حجز — يحتاج مطابقة الترخيص / OTA sourced — licence verification required,Expedia Madinah all-properties directory,https://www.expedia.co.uk/All-Madinah-Hotels.d602705.Travel-Guide-City-All-Hotels,,,OTA English + standardized Arabic,OTA400
فندق إطلالات أحد,Itlalat Uhud Hotel,المدينة المنورة,,,,,,,مصدر حجز — يحتاج مطابقة الترخيص / OTA sourced — licence verification required,Expedia Madinah all-properties directory,https://www.expedia.co.uk/All-Madinah-Hotels.d602705.Travel-Guide-City-All-Hotels,,,OTA English + standardized Arabic,OTA400
فندق إعمار المكتان,Emaar Al Mektan Hotel,المدينة المنورة,قرب المنطقة المركزية,خارج المنطقة المركزية / Outside Central Zone,قريب من المنطقة المركزية حتى 2 كم / Near Central up to 2 km,,,0.375,يحتاج مراجعة / Needs Review,Booking.com,https://www.booking.com/landmark/sa/al-masjid-an-nabawi-king-saud-gate.html,2026,المسافة المنشورة لا تتجاوز 2 كم من المسجد النبوي,Existing verified English name,Central204
إعمار إيليت,Emaar Elite Hotel,المدينة المنورة,المنطقة المركزية,المنطقة المركزية / Central Zone,داخل المنطقة المركزية / Central Area,165,100,0,رسمي موثق / Official Verified,المخطط الإرشادي للمسجد النبوي ومرافقه وفنادق المنطقة المركزية,,1448هـ / 2026م,تمت مطابقة الاسم ورقم الموقع من المخطط المرفق؛ الترخيص التجاري يحتاج تحققًا مستقلاً,Standardized transliteration from official-map Arabic name,Central204
فندق إعمار إيليت المدينة,Emaar Elite Al Madina Hotel,المدينة المنورة,المنطقة المركزية الغربية,,,,,,مصدر حجز — يحتاج مطابقة الترخيص / OTA sourced — licence verification required,Existing WAFD reference,,,,OTA/brand matched,OTA400
فندق إعمار رسوخ,Emaar Rsoukh Hotel,المدينة المنورة,,,,,,,مصدر حجز — يحتاج مطابقة الترخيص / OTA sourced — licence verification required,Expedia Madinah all-properties directory,https://www.expedia.co.uk/All-Madinah-Hotels.d602705.Travel-Guide-City-All-Hotels,,,OTA English + standardized Arabic,OTA400
إعمار رويال,Emaar Royal Hotel,المدينة المنورة,المنطقة المركزية,المنطقة المركزية / Central Zone,داخل المنطقة المركزية / Central Area,123,100,0,رسمي موثق / Official Verified,المخطط الإرشادي للمسجد النبوي ومرافقه وفنادق المنطقة المركزية,,1448هـ / 2026م,تمت مطابقة الاسم ورقم الموقع من المخطط المرفق؛ الترخيص التجاري يحتاج تحققًا مستقلاً,Standardized transliteration from official-map Arabic name,Central204
فندق إعمار رويال المدينة,Emaar Royal Hotel Al Madina,المدينة المنورة,المنطقة المركزية الشمالية,,,,,,مصدر حجز — يحتاج مطابقة الترخيص / OTA sourced — licence verification required,Existing WAFD reference,,,,OTA/brand matched,OTA400
فندق إعمار طيبة,Emaar Taiba Hotel,المدينة المنورة,,,,,,,مصدر حجز — يحتاج مطابقة الترخيص / OTA sourced — licence verification required,Expedia Madinah all-properties directory,https://www.expedia.co.uk/All-Madinah-Hotels.d602705.Travel-Guide-City-All-Hotels,,,OTA English + standardized Arabic,OTA400
إعمار مكان,Emaar Mkan Hotel,المدينة المنورة,المنطقة المركزية,المنطقة المركزية / Central Zone,داخل المنطقة المركزية / Central Area,206,200,0,رسمي موثق / Official Verified,المخطط الإرشادي للمسجد النبوي ومرافقه وفنادق المنطقة المركزية,,1448هـ / 2026م,تمت مطابقة الاسم ورقم الموقع من المخطط المرفق؛ الترخيص التجاري يحتاج تحققًا مستقلاً,Standardized transliteration from official-map Arabic name,Central204
فندق افاك السلام الذهبي يكس ريياده المدينة,Afaq Al Salam Al Zahabi Hotel Ex Riyadh Al Madinah Hotel,المدينة المنورة,,,,,,,مصدر حجز — يحتاج مطابقة الترخيص / OTA sourced — licence verification required,Booking.com Madinah directory,https://www.booking.com/city/sa/medina.en-gb.html,,,OTA English + standardized Arabic,OTA400
فندق آفال,AVAL Hotel,المدينة المنورة,خارج المنطقة المركزية,,,,,,مصدر حجز — يحتاج مطابقة الترخيص / OTA sourced — licence verification required,Existing WAFD reference,,,,OTA/brand matched,OTA400
إقامة إطلالة قباء,Eqamh Etlala Quba,المدينة المنورة,,,,,,,مصدر حجز — يحتاج مطابقة الترخيص / OTA sourced — licence verification required,Expedia Madinah all-properties directory,https://www.expedia.co.uk/All-Madinah-Hotels.d602705.Travel-Guide-City-All-Hotels,,,Bilingual source row,OTA400
إقامة بالاس,Eqamh Palace,المدينة المنورة,,,,,,,مصدر حجز — يحتاج مطابقة الترخيص / OTA sourced — licence verification required,Expedia Madinah all-properties directory,https://www.expedia.co.uk/All-Madinah-Hotels.d602705.Travel-Guide-City-All-Hotels,,,OTA English + standardized Arabic,OTA400
الأمان العربية,Al Aman Al Arbya Hotel,المدينة المنورة,المنطقة المركزية,المنطقة المركزية / Central Zone,داخل المنطقة المركزية / Central Area,102,100,0,رسمي موثق / Official Verified,المخطط الإرشادي للمسجد النبوي ومرافقه وفنادق المنطقة المركزية,,1448هـ / 2026م,تمت مطابقة الاسم ورقم الموقع من المخطط المرفق؛ الترخيص التجاري يحتاج تحققًا مستقلاً,Standardized transliteration from official-map Arabic name,Central204
الأندلس الفاخر,Alandalus Al Fakhr Hotel,المدينة المنورة,المنطقة المركزية,المنطقة المركزية / Central Zone,داخل المنطقة المركزية / Central Area,140,100,0,رسمي موثق / Official Verified,المخطط الإرشادي للمسجد النبوي ومرافقه وفنادق المنطقة المركزية,,1448هـ / 2026م,تمت مطابقة الاسم ورقم الموقع من المخطط المرفق؛ الترخيص التجاري يحتاج تحققًا مستقلاً,Standardized transliteration from official-map Arabic name,Central204
الأندلس الماسي,Alandalus Almasi Hotel,المدينة المنورة,المنطقة المركزية,المنطقة المركزية / Central Zone,داخل المنطقة المركزية / Central Area,471,400,0,رسمي موثق / Official Verified,المخطط الإرشادي للمسجد النبوي ومرافقه وفنادق المنطقة المركزية,,1448هـ / 2026م,تمت مطابقة الاسم ورقم الموقع من المخطط المرفق؛ الترخيص التجاري يحتاج تحققًا مستقلاً,Standardized transliteration from official-map Arabic name,Central204
الأندلس المدينة,Alandalus Madinah Hotel,المدينة المنورة,المنطقة المركزية,المنطقة المركزية / Central Zone,داخل المنطقة المركزية / Central Area,254,200,0,رسمي موثق / Official Verified,المخطط الإرشادي للمسجد النبوي ومرافقه وفنادق المنطقة المركزية,,1448هـ / 2026م,تمت مطابقة الاسم ورقم الموقع من المخطط المرفق؛ الترخيص التجاري يحتاج تحققًا مستقلاً,Standardized transliteration from official-map Arabic name,Central204
فندق الأندلس بالاس,Al Andalus Palace Hotel,المدينة المنورة,المنطقة المركزية,,,,,,مصدر حجز — يحتاج مطابقة الترخيص / OTA sourced — licence verification required,Existing WAFD reference,,,,OTA/brand matched,OTA400
الأندلس بلازا,Alandalus Plaza Hotel,المدينة المنورة,المنطقة المركزية,المنطقة المركزية / Central Zone,داخل المنطقة المركزية / Central Area,253,200,0,رسمي موثق / Official Verified,المخطط الإرشادي للمسجد النبوي ومرافقه وفنادق المنطقة المركزية,,1448هـ / 2026م,تمت مطابقة الاسم ورقم الموقع من المخطط المرفق؛ الترخيص التجاري يحتاج تحققًا مستقلاً,Standardized transliteration from official-map Arabic name,Central204
الأندلس دار السلام,Alandalus Dar Al Salam Hotel,المدينة المنورة,المنطقة المركزية,المنطقة المركزية / Central Zone,داخل المنطقة المركزية / Central Area,361,300,0,رسمي موثق / Official Verified,المخطط الإرشادي للمسجد النبوي ومرافقه وفنادق المنطقة المركزية,,1448هـ / 2026م,تمت مطابقة الاسم ورقم الموقع من المخطط المرفق؛ الترخيص التجاري يحتاج تحققًا مستقلاً,Standardized transliteration from official-map Arabic name,Central204
فندق الانسار بلاتينيوم,Alansar platinum hotel,المدينة المنورة,,,,,,,مصدر حجز — يحتاج مطابقة الترخيص / OTA sourced — licence verification required,Expedia Madinah all-properties directory,https://www.expedia.co.uk/All-Madinah-Hotels.d602705.Travel-Guide-City-All-Hotels,,,OTA English + standardized Arabic,OTA400
فندق الأنصار بالاس جولدن توليب,Al Ansar Palace Golden Tulip Hotel,المدينة المنورة,,,,,,,مصدر حجز — يحتاج مطابقة الترخيص / OTA sourced — licence verification required,Expedia Madinah all-properties directory,https://www.expedia.co.uk/All-Madinah-Hotels.d602705.Travel-Guide-City-All-Hotels,,,OTA English + standardized Arabic,OTA400
الأنصار بلاتينوم,Al Ansar Blatynwm Hotel,المدينة المنورة,المنطقة المركزية,المنطقة المركزية / Central Zone,داخل المنطقة المركزية / Central Area,141,100,0,رسمي موثق / Official Verified,المخطط الإرشادي للمسجد النبوي ومرافقه وفنادق المنطقة المركزية,,1448هـ / 2026م,تمت مطابقة الاسم ورقم الموقع من المخطط المرفق؛ الترخيص التجاري يحتاج تحققًا مستقلاً,Standardized transliteration from official-map Arabic name,Central204
الأنصار جولدن توليب,Al Ansar Golden Tulip Hotel,المدينة المنورة,المنطقة المركزية,المنطقة المركزية / Central Zone,داخل المنطقة المركزية / Central Area,142,100,0,رسمي موثق / Official Verified,المخطط الإرشادي للمسجد النبوي ومرافقه وفنادق المنطقة المركزية,,1448هـ / 2026م,تمت مطابقة الاسم ورقم الموقع من المخطط المرفق؛ الترخيص التجاري يحتاج تحققًا مستقلاً,Standardized transliteration from official-map Arabic name,Central204
البسفور,Bosphorus Hotel,المدينة المنورة,المنطقة المركزية,المنطقة المركزية / Central Zone,داخل المنطقة المركزية / Central Area,306,300,0,رسمي موثق / Official Verified,المخطط الإرشادي للمسجد النبوي ومرافقه وفنادق المنطقة المركزية,,1448هـ / 2026م,تمت مطابقة الاسم ورقم الموقع من المخطط المرفق؛ الترخيص التجاري يحتاج تحققًا مستقلاً,Standardized transliteration from official-map Arabic name,Central204
البسفور 2,Al Bosphorus 2,المدينة المنورة,المنطقة المركزية,المنطقة المركزية / Central Zone,داخل المنطقة المركزية / Central Area,446,400,0,رسمي موثق / Official Verified,المخطط الإرشادي للمسجد النبوي ومرافقه وفنادق المنطقة المركزية,,1448هـ / 2026م,تمت مطابقة الاسم ورقم الموقع من المخطط المرفق؛ الترخيص التجاري يحتاج تحققًا مستقلاً,Existing verified English name,Central204
فندق البسفور المدينة,Bosphorus Hotel Medina,المدينة المنورة,المنطقة المركزية الغربية,,,,,,مصدر حجز — يحتاج مطابقة الترخيص / OTA sourced — licence verification required,Existing WAFD reference,,,,OTA/brand matched,OTA400
فندق البسفور بلس,Bosphorus Plus Hotel,المدينة المنورة,المنطقة المركزية الغربية,,,,,,مصدر حجز — يحتاج مطابقة الترخيص / OTA sourced — licence verification required,Existing WAFD reference,,,,OTA/brand matched,OTA400
فندق البسفور وقف سافي,Bosphorus Hotel Waqf Safi,المدينة المنورة,,,,,,,مصدر حجز — يحتاج مطابقة الترخيص / OTA sourced — licence verification required,Booking.com Madinah directory,https://www.booking.com/city/sa/medina.en-gb.html,,,OTA English + standardized Arabic,OTA400
الجوهرة ال طابة,AL JAWAHARA AL TABBA,المدينة المنورة,,,,,,,مصدر حجز — يحتاج مطابقة الترخيص / OTA sourced — licence verification required,Expedia Madinah all-properties directory,https://www.expedia.co.uk/All-Madinah-Hotels.d602705.Travel-Guide-City-All-Hotels,,,OTA English + standardized Arabic,OTA400
فندق الحمراء بلس,Al Hamra Plus Hotel,المدينة المنورة,العريض,,,,,,مصدر حجز — يحتاج مطابقة الترخيص / OTA sourced — licence verification required,Existing WAFD reference,,,,OTA/brand matched,OTA400
الحياة العالمي,Al Hyaa Al Aalmy Hotel,المدينة المنورة,المنطقة المركزية,المنطقة المركزية / Central Zone,داخل المنطقة المركزية / Central Area,175,100,0,رسمي موثق / Official Verified,المخطط الإرشادي للمسجد النبوي ومرافقه وفنادق المنطقة المركزية,,1448هـ / 2026م,تمت مطابقة الاسم ورقم الموقع من المخطط المرفق؛ الترخيص التجاري يحتاج تحققًا مستقلاً,Standardized transliteration from official-map Arabic name,Central204
الدار روافد توليب إن,Al Dar Rwafd Tulip In Hotel,المدينة المنورة,المنطقة المركزية,المنطقة المركزية / Central Zone,داخل المنطقة المركزية / Central Area,219,200,0,رسمي موثق / Official Verified,المخطط الإرشادي للمسجد النبوي ومرافقه وفنادق المنطقة المركزية,,1448هـ / 2026م,تمت مطابقة الاسم ورقم الموقع من المخطط المرفق؛ الترخيص التجاري يحتاج تحققًا مستقلاً,Standardized transliteration from official-map Arabic name,Central204
الذهبي جولدن توليب,Golden Golden Tulip Hotel,المدينة المنورة,المنطقة المركزية,المنطقة المركزية / Central Zone,داخل المنطقة المركزية / Central Area,107,100,0,رسمي موثق / Official Verified,المخطط الإرشادي للمسجد النبوي ومرافقه وفنادق المنطقة المركزية,,1448هـ / 2026م,تمت مطابقة الاسم ورقم الموقع من المخطط المرفق؛ الترخيص التجاري يحتاج تحققًا مستقلاً,Standardized transliteration from official-map Arabic name,Central204
فندق الروضة العقيق,Al Rawda Al Aqeeq Hotel,المدينة المنورة,العريض,,,,,,مصدر حجز — يحتاج مطابقة الترخيص / OTA sourced — licence verification required,Existing WAFD reference,,,,OTA/brand matched,OTA400
فندق الريان,Al Rayyan Hotel,المدينة المنورة,,,,,,,مصدر حجز — يحتاج مطابقة الترخيص / OTA sourced — licence verification required,Expedia Madinah all-properties directory,https://www.expedia.co.uk/All-Madinah-Hotels.d602705.Travel-Guide-City-All-Hotels,,,OTA English + standardized Arabic,OTA400
فندق الريتز الماديناه,ALRITZ ALMADINAH HOTEL,المدينة المنورة,,,,,,,مصدر حجز — يحتاج مطابقة الترخيص / OTA sourced — licence verification required,Expedia Madinah all-properties directory,https://www.expedia.co.uk/All-Madinah-Hotels.d602705.Travel-Guide-City-All-Hotels,,,OTA English + standardized Arabic,OTA400
الريتز المدينة,Al Rytz Madinah Hotel,المدينة المنورة,المنطقة المركزية,المنطقة المركزية / Central Zone,داخل المنطقة المركزية / Central Area,148,100,0,رسمي موثق / Official Verified,المخطط الإرشادي للمسجد النبوي ومرافقه وفنادق المنطقة المركزية,,1448هـ / 2026م,تمت مطابقة الاسم ورقم الموقع من المخطط المرفق؛ الترخيص التجاري يحتاج تحققًا مستقلاً,Standardized transliteration from official-map Arabic name,Central204
الزهراء,Al Zhra' Hotel,المدينة المنورة,المنطقة المركزية,المنطقة المركزية / Central Zone,داخل المنطقة المركزية / Central Area,248,200,0,رسمي موثق / Official Verified,المخطط الإرشادي للمسجد النبوي ومرافقه وفنادق المنطقة المركزية,,1448هـ / 2026م,تمت مطابقة الاسم ورقم الموقع من المخطط المرفق؛ الترخيص التجاري يحتاج تحققًا مستقلاً,Standardized transliteration from official-map Arabic name,Central204
فندق الساحة باي سدرة إنترناشيونال,Al Saha Hotel by Sedra International,المدينة المنورة,,,,,,,مصدر حجز — يحتاج مطابقة الترخيص / OTA sourced — licence verification required,Expedia Madinah all-properties directory,https://www.expedia.co.uk/All-Madinah-Hotels.d602705.Travel-Guide-City-All-Hotels,,,OTA English + standardized Arabic,OTA400
فندق السدرة العالية الذهبي,Sidra Alia AL DAHABI hotel,المدينة المنورة,,,,,,,مصدر حجز — يحتاج مطابقة الترخيص / OTA sourced — licence verification required,Expedia Madinah all-properties directory,https://www.expedia.co.uk/All-Madinah-Hotels.d602705.Travel-Guide-City-All-Hotels,,,Bilingual source row,OTA400
السعفة,Al Safa Hotel,المدينة المنورة,المنطقة المركزية,المنطقة المركزية / Central Zone,داخل المنطقة المركزية / Central Area,322,300,0,رسمي موثق / Official Verified,المخطط الإرشادي للمسجد النبوي ومرافقه وفنادق المنطقة المركزية,,1448هـ / 2026م,تمت مطابقة الاسم ورقم الموقع من المخطط المرفق؛ الترخيص التجاري يحتاج تحققًا مستقلاً,Standardized transliteration from official-map Arabic name,Central204
السعفة الذهبية,Al Safa Golden Hotel,المدينة المنورة,المنطقة المركزية,المنطقة المركزية / Central Zone,داخل المنطقة المركزية / Central Area,310,300,0,رسمي موثق / Official Verified,المخطط الإرشادي للمسجد النبوي ومرافقه وفنادق المنطقة المركزية,,1448هـ / 2026م,تمت مطابقة الاسم ورقم الموقع من المخطط المرفق؛ الترخيص التجاري يحتاج تحققًا مستقلاً,Standardized transliteration from official-map Arabic name,Central204
الشاكرين جولدن توليب,Al Shakryn Golden Tulip Hotel,المدينة المنورة,المنطقة المركزية,المنطقة المركزية / Central Zone,داخل المنطقة المركزية / Central Area,110,100,0,رسمي موثق / Official Verified,المخطط الإرشادي للمسجد النبوي ومرافقه وفنادق المنطقة المركزية,,1448هـ / 2026م,تمت مطابقة الاسم ورقم الموقع من المخطط المرفق؛ الترخيص التجاري يحتاج تحققًا مستقلاً,Standardized transliteration from official-map Arabic name,Central204
الشام الإقليمية - بروفنس,Al Sham Al Iqlymya Brwfns Hotel,المدينة المنورة,المنطقة المركزية,المنطقة المركزية / Central Zone,داخل المنطقة المركزية / Central Area,410,400,0,رسمي موثق / Official Verified,المخطط الإرشادي للمسجد النبوي ومرافقه وفنادق المنطقة المركزية,,1448هـ / 2026م,تمت مطابقة الاسم ورقم الموقع من المخطط المرفق؛ الترخيص التجاري يحتاج تحققًا مستقلاً,Standardized transliteration from official-map Arabic name,Central204
الشريف الاقتصادي ابيرمينت,Al Sharif Economic Aperment,المدينة المنورة,,,,,,,مصدر حجز — يحتاج مطابقة الترخيص / OTA sourced — licence verification required,Expedia Madinah all-properties directory,https://www.expedia.co.uk/All-Madinah-Hotels.d602705.Travel-Guide-City-All-Hotels,,,OTA English + standardized Arabic,OTA400
الصفا ال باراكاه,Al-safa-al-barakah,المدينة المنورة,,,,,,,مصدر حجز — يحتاج مطابقة الترخيص / OTA sourced — licence verification required,Expedia Madinah all-properties directory,https://www.expedia.co.uk/All-Madinah-Hotels.d602705.Travel-Guide-City-All-Hotels,,,OTA English + standardized Arabic,OTA400
فندق الصفا جولدن,Assaafa Golden Hotel,المدينة المنورة,,,,,,,مصدر حجز — يحتاج مطابقة الترخيص / OTA sourced — licence verification required,Expedia Madinah all-properties directory,https://www.expedia.co.uk/All-Madinah-Hotels.d602705.Travel-Guide-City-All-Hotels,,,OTA English + standardized Arabic,OTA400
فندق الضيافة الذهبية,Golden Diyafa Hotel,المدينة المنورة,العريض,,,,,,مصدر حجز — يحتاج مطابقة الترخيص / OTA sourced — licence verification required,Existing WAFD reference,,,,OTA/brand matched,OTA400
فندق العقيق الروضة باي سدرة إنترناشيونال,Al Aqeeq Al Rawda Hotel by Sedra International,المدينة المنورة,,,,,,,مصدر حجز — يحتاج مطابقة الترخيص / OTA sourced — licence verification required,Expedia Madinah all-properties directory,https://www.expedia.co.uk/All-Madinah-Hotels.d602705.Travel-Guide-City-All-Hotels,,,OTA English + standardized Arabic,OTA400
فندق العقيق المدينة,Al Aqeeq Hotel Madinah,المدينة المنورة,المنطقة المركزية الغربية,,,,,,مصدر حجز — يحتاج مطابقة الترخيص / OTA sourced — licence verification required,Existing WAFD reference,,,,OTA/brand matched,OTA400
فندق العقيق المدينة يكس ميلينيوم,Al Aqeeq Hotel Madinah ex. Millennium,المدينة المنورة,,,,,,,مصدر حجز — يحتاج مطابقة الترخيص / OTA sourced — licence verification required,Expedia Madinah all-properties directory,https://www.expedia.co.uk/All-Madinah-Hotels.d602705.Travel-Guide-City-All-Hotels,,,OTA English + standardized Arabic,OTA400
فندق العلياء,Al Alya Hotel,المدينة المنورة,العنبرية,,,,,,مصدر حجز — يحتاج مطابقة الترخيص / OTA sourced — licence verification required,Existing WAFD reference,,,,OTA/brand matched,OTA400
فندق العييري 14,Al Eairy Apartments Madinah 14,المدينة المنورة,العزيزية,,,,,,مصدر حجز — يحتاج مطابقة الترخيص / OTA sourced — licence verification required,Existing WAFD reference,,,,OTA/brand matched,OTA400
الفخامة الداهباي الشهداء,Al Fakhama Aldahbai Al-Shohada,المدينة المنورة,,,,,,,مصدر حجز — يحتاج مطابقة الترخيص / OTA sourced — licence verification required,Expedia Madinah all-properties directory,https://www.expedia.co.uk/All-Madinah-Hotels.d602705.Travel-Guide-City-All-Hotels,,,OTA English + standardized Arabic,OTA400
الفخامة الذهبي ابي ذر,Alfakhama Aldahabi Abi Zar,المدينة المنورة,,,,,,,مصدر حجز — يحتاج مطابقة الترخيص / OTA sourced — licence verification required,Expedia Madinah all-properties directory,https://www.expedia.co.uk/All-Madinah-Hotels.d602705.Travel-Guide-City-All-Hotels,,,Bilingual source row,OTA400
الفيروز الذهبي,Al Fyrwz Golden Hotel,المدينة المنورة,المنطقة المركزية,المنطقة المركزية / Central Zone,داخل المنطقة المركزية / Central Area,146,100,0,رسمي موثق / Official Verified,المخطط الإرشادي للمسجد النبوي ومرافقه وفنادق المنطقة المركزية,,1448هـ / 2026م,تمت مطابقة الاسم ورقم الموقع من المخطط المرفق؛ الترخيص التجاري يحتاج تحققًا مستقلاً,Standardized transliteration from official-map Arabic name,Central204
الفيروز شذا,Al Fyrwz Shdha Hotel,المدينة المنورة,المنطقة المركزية,المنطقة المركزية / Central Zone,داخل المنطقة المركزية / Central Area,340,300,0,رسمي موثق / Official Verified,المخطط الإرشادي للمسجد النبوي ومرافقه وفنادق المنطقة المركزية,,1448هـ / 2026م,تمت مطابقة الاسم ورقم الموقع من المخطط المرفق؛ الترخيص التجاري يحتاج تحققًا مستقلاً,Standardized transliteration from official-map Arabic name,Central204
فندق الماسة المدينة,Al Masa Hotel Madinah,المدينة المنورة,المنطقة المركزية الغربية,,,,,,مصدر حجز — يحتاج مطابقة الترخيص / OTA sourced — licence verification required,Existing WAFD reference,,,,OTA/brand matched,OTA400
المحراب طيبة,Al Mhrab Taiba Hotel,المدينة المنورة,المنطقة المركزية,المنطقة المركزية / Central Zone,داخل المنطقة المركزية / Central Area,106,100,0,رسمي موثق / Official Verified,المخطط الإرشادي للمسجد النبوي ومرافقه وفنادق المنطقة المركزية,,1448هـ / 2026م,تمت مطابقة الاسم ورقم الموقع من المخطط المرفق؛ الترخيص التجاري يحتاج تحققًا مستقلاً,Standardized transliteration from official-map Arabic name,Central204
المختارة الذهبي,Al Mukhtara Golden Hotel,المدينة المنورة,المنطقة المركزية,المنطقة المركزية / Central Zone,داخل المنطقة المركزية / Central Area,354,300,0,رسمي موثق / Official Verified,المخطط الإرشادي للمسجد النبوي ومرافقه وفنادق المنطقة المركزية,,1448هـ / 2026م,تمت مطابقة الاسم ورقم الموقع من المخطط المرفق؛ الترخيص التجاري يحتاج تحققًا مستقلاً,Standardized transliteration from official-map Arabic name,Central204
المختارة العالمي,Al Mukhtara Al Aalmy Hotel,المدينة المنورة,المنطقة المركزية,المنطقة المركزية / Central Zone,داخل المنطقة المركزية / Central Area,178,100,0,رسمي موثق / Official Verified,المخطط الإرشادي للمسجد النبوي ومرافقه وفنادق المنطقة المركزية,,1448هـ / 2026م,تمت مطابقة الاسم ورقم الموقع من المخطط المرفق؛ الترخيص التجاري يحتاج تحققًا مستقلاً,Standardized transliteration from official-map Arabic name,Central204
فندق المختارة الغربي,Mukhtara Al Gharbi Hotel,المدينة المنورة,,,,,,,مصدر حجز — يحتاج مطابقة الترخيص / OTA sourced — licence verification required,Expedia Madinah all-properties directory,https://www.expedia.co.uk/All-Madinah-Hotels.d602705.Travel-Guide-City-All-Hotels,,,OTA English + standardized Arabic,OTA400
فندق المختارة الماسي,Al Mukhtara Almasi Hotel,المدينة المنورة,,,,,,,مصدر حجز — يحتاج مطابقة الترخيص / OTA sourced — licence verification required,Expedia Madinah all-properties directory,https://www.expedia.co.uk/All-Madinah-Hotels.d602705.Travel-Guide-City-All-Hotels,,,OTA English + standardized Arabic,OTA400
فندق المختارة إنترناشيونال,Al Mukhtara International Hotel,المدينة المنورة,,,,,,,مصدر حجز — يحتاج مطابقة الترخيص / OTA sourced — licence verification required,Expedia Madinah all-properties directory,https://www.expedia.co.uk/All-Madinah-Hotels.d602705.Travel-Guide-City-All-Hotels,,,OTA English + standardized Arabic,OTA400
فندق المختارة بلازا,Al Mukhtara Plaza Hotel,المدينة المنورة,,,,,,,مصدر حجز — يحتاج مطابقة الترخيص / OTA sourced — licence verification required,Expedia Madinah all-properties directory,https://www.expedia.co.uk/All-Madinah-Hotels.d602705.Travel-Guide-City-All-Hotels,,,OTA English + standardized Arabic,OTA400
المختارة تاور يكونومي,Al-mukhtara Tower - Economy,المدينة المنورة,,,,,,,مصدر حجز — يحتاج مطابقة الترخيص / OTA sourced — licence verification required,Expedia Madinah all-properties directory,https://www.expedia.co.uk/All-Madinah-Hotels.d602705.Travel-Guide-City-All-Hotels,,,OTA English + standardized Arabic,OTA400
فندق المدينة أراك,Al Madinah Arac Hotel,المدينة المنورة,المنطقة المركزية الشمالية,,,,,,مصدر حجز — يحتاج مطابقة الترخيص / OTA sourced — licence verification required,Existing WAFD reference,,,,OTA/brand matched,OTA400
فندق المدينة أرام,MADINAH ARAM HOTEL,المدينة المنورة,,,,,,,مصدر حجز — يحتاج مطابقة الترخيص / OTA sourced — licence verification required,Expedia Madinah all-properties directory,https://www.expedia.co.uk/All-Madinah-Hotels.d602705.Travel-Guide-City-All-Hotels,,,OTA English + standardized Arabic,OTA400
فندق المدينة الذهبي,Al Madina Golden Hotel,المدينة المنورة,المنطقة المركزية,,,,,,مصدر حجز — يحتاج مطابقة الترخيص / OTA sourced — licence verification required,Existing WAFD reference,,,,OTA/brand matched,OTA400
المدينة ديلوكس,MADINAH DELUXE,المدينة المنورة,,,,,,,مصدر حجز — يحتاج مطابقة الترخيص / OTA sourced — licence verification required,Expedia Madinah all-properties directory,https://www.expedia.co.uk/All-Madinah-Hotels.d602705.Travel-Guide-City-All-Hotels,,,OTA English + standardized Arabic,OTA400
فندق المدينة ما فنبيك,Madinah Ma Venpick Hotel,المدينة المنورة,,,,,,,مصدر حجز — يحتاج مطابقة الترخيص / OTA sourced — licence verification required,Expedia Madinah all-properties directory,https://www.expedia.co.uk/All-Madinah-Hotels.d602705.Travel-Guide-City-All-Hotels,,,OTA English + standardized Arabic,OTA400
فندق المدينة هيلتون,Madinah Hilton,المدينة المنورة,المنطقة المركزية الشمالية,,,,,,مصدر حجز — يحتاج مطابقة الترخيص / OTA sourced — licence verification required,Existing WAFD reference,,,,OTA/brand matched,OTA400
فندق ال مرزم,Al Marzam Hotel,المدينة المنورة,,,,,,,مصدر حجز — يحتاج مطابقة الترخيص / OTA sourced — licence verification required,Expedia Madinah all-properties directory,https://www.expedia.co.uk/All-Madinah-Hotels.d602705.Travel-Guide-City-All-Hotels,,,OTA English + standardized Arabic,OTA400
المرسى,Al Mrsa Hotel,المدينة المنورة,المنطقة المركزية,المنطقة المركزية / Central Zone,داخل المنطقة المركزية / Central Area,135,100,0,رسمي موثق / Official Verified,المخطط الإرشادي للمسجد النبوي ومرافقه وفنادق المنطقة المركزية,,1448هـ / 2026م,تمت مطابقة الاسم ورقم الموقع من المخطط المرفق؛ الترخيص التجاري يحتاج تحققًا مستقلاً,Standardized transliteration from official-map Arabic name,Central204
المروة كريم,Al Mrwa Krym Hotel,المدينة المنورة,المنطقة المركزية,المنطقة المركزية / Central Zone,داخل المنطقة المركزية / Central Area,334,300,0,رسمي موثق / Official Verified,المخطط الإرشادي للمسجد النبوي ومرافقه وفنادق المنطقة المركزية,,1448هـ / 2026م,تمت مطابقة الاسم ورقم الموقع من المخطط المرفق؛ الترخيص التجاري يحتاج تحققًا مستقلاً,Standardized transliteration from official-map Arabic name,Central204
فندق المستراح,Al Mustarah Hotel,المدينة المنورة,,,,,,,مصدر حجز — يحتاج مطابقة الترخيص / OTA sourced — licence verification required,Expedia Madinah all-properties directory,https://www.expedia.co.uk/All-Madinah-Hotels.d602705.Travel-Guide-City-All-Hotels,,,OTA English + standardized Arabic,OTA400
المناخة روتانا 1,Al Manakha Rotana 1 Hotel,المدينة المنورة,المنطقة المركزية,المنطقة المركزية / Central Zone,داخل المنطقة المركزية / Central Area,373,300,0,رسمي موثق / Official Verified,المخطط الإرشادي للمسجد النبوي ومرافقه وفنادق المنطقة المركزية,,1448هـ / 2026م,تمت مطابقة الاسم ورقم الموقع من المخطط المرفق؛ الترخيص التجاري يحتاج تحققًا مستقلاً,Standardized transliteration from official-map Arabic name,Central204
المناخة روتانا 2,Al Manakha Rotana 2 Hotel,المدينة المنورة,المنطقة المركزية,المنطقة المركزية / Central Zone,داخل المنطقة المركزية / Central Area,372,300,0,رسمي موثق / Official Verified,المخطط الإرشادي للمسجد النبوي ومرافقه وفنادق المنطقة المركزية,,1448هـ / 2026م,تمت مطابقة الاسم ورقم الموقع من المخطط المرفق؛ الترخيص التجاري يحتاج تحققًا مستقلاً,Standardized transliteration from official-map Arabic name,Central204
المنى كريم,Al Mna Krym Hotel,المدينة المنورة,المنطقة المركزية,المنطقة المركزية / Central Zone,داخل المنطقة المركزية / Central Area,122,100,0,رسمي موثق / Official Verified,المخطط الإرشادي للمسجد النبوي ومرافقه وفنادق المنطقة المركزية,,1448هـ / 2026م,تمت مطابقة الاسم ورقم الموقع من المخطط المرفق؛ الترخيص التجاري يحتاج تحققًا مستقلاً,Standardized transliteration from official-map Arabic name,Central204
فندق ال منى كريم يكس ليدير,Al Muna Kareem Hotel- EX LEADER,المدينة المنورة,,,,,,,مصدر حجز — يحتاج مطابقة الترخيص / OTA sourced — licence verification required,Booking.com Madinah directory,https://www.booking.com/city/sa/medina.en-gb.html,,,OTA English + standardized Arabic,OTA400
الموختار الداهبي,Almukhtar Aldahbe,المدينة المنورة,,,,,,,مصدر حجز — يحتاج مطابقة الترخيص / OTA sourced — licence verification required,Expedia Madinah all-properties directory,https://www.expedia.co.uk/All-Madinah-Hotels.d602705.Travel-Guide-City-All-Hotels,,,OTA English + standardized Arabic,OTA400
فندق الوردة البيضاء,White Rose Hotel,المدينة المنورة,العريض,,,,,,مصدر حجز — يحتاج مطابقة الترخيص / OTA sourced — licence verification required,Existing WAFD reference,,,,OTA/brand matched,OTA400
أمجاد السلام,Amjad Al Salam Hotel,المدينة المنورة,المنطقة المركزية,المنطقة المركزية / Central Zone,داخل المنطقة المركزية / Central Area,122,100,0,رسمي موثق / Official Verified,المخطط الإرشادي للمسجد النبوي ومرافقه وفنادق المنطقة المركزية,,1448هـ / 2026م,تمت مطابقة الاسم ورقم الموقع من المخطط المرفق؛ الترخيص التجاري يحتاج تحققًا مستقلاً,Standardized transliteration from official-map Arabic name,Central204
أمجاد الغراء,Amjad Al Ghra' Hotel,المدينة المنورة,المنطقة المركزية,المنطقة المركزية / Central Zone,داخل المنطقة المركزية / Central Area,215,200,0,رسمي موثق / Official Verified,المخطط الإرشادي للمسجد النبوي ومرافقه وفنادق المنطقة المركزية,,1448هـ / 2026م,تمت مطابقة الاسم ورقم الموقع من المخطط المرفق؛ الترخيص التجاري يحتاج تحققًا مستقلاً,Standardized transliteration from official-map Arabic name,Central204
فندق إمضاء النزيل,Imdaa Al Nazil Hotel,المدينة المنورة,شظاة,,,,,,مصدر حجز — يحتاج مطابقة الترخيص / OTA sourced — licence verification required,Existing WAFD reference,,,,OTA/brand matched,OTA400
فندق أناف,Anaf Hotel,المدينة المنورة,,,,,,,مصدر حجز — يحتاج مطابقة الترخيص / OTA sourced — licence verification required,Expedia Madinah all-properties directory,https://www.expedia.co.uk/All-Madinah-Hotels.d602705.Travel-Guide-City-All-Hotels,,,OTA English + standardized Arabic,OTA400
فندق إنتركونتيننتال دار الإيمان,InterContinental Dar Al Iman Madinah by IHG,المدينة المنورة,المنطقة المركزية الشمالية,,,,,,مصدر حجز — يحتاج مطابقة الترخيص / OTA sourced — licence verification required,Existing WAFD reference,,,,OTA/brand matched,OTA400
فندق إنتركونتيننتال دار الهجرة,InterContinental Dar Al Hijra Madinah by IHG,المدينة المنورة,المنطقة المركزية الشمالية,,,,,,مصدر حجز — يحتاج مطابقة الترخيص / OTA sourced — licence verification required,Existing WAFD reference,,,,OTA/brand matched,OTA400
إنتركونتيننتالمدينة دار الإيمان من آي إتش جي,Intercontinental Madinah - Dar Al Iman by IHG,المدينة المنورة,,,,,,,مصدر حجز — يحتاج مطابقة الترخيص / OTA sourced — licence verification required,Expedia Madinah all-properties directory,https://www.expedia.co.uk/All-Madinah-Hotels.d602705.Travel-Guide-City-All-Hotels,,,OTA English + standardized Arabic,OTA400
أنتيرا من كونتيننتال,Antyra Mn Kwntynntal Hotel,المدينة المنورة,المنطقة المركزية,المنطقة المركزية / Central Zone,داخل المنطقة المركزية / Central Area,125,100,0,رسمي موثق / Official Verified,المخطط الإرشادي للمسجد النبوي ومرافقه وفنادق المنطقة المركزية,,1448هـ / 2026م,تمت مطابقة الاسم ورقم الموقع من المخطط المرفق؛ الترخيص التجاري يحتاج تحققًا مستقلاً,Standardized transliteration from official-map Arabic name,Central204
فندق أنسام طيبة,Ansam Taiba Hotel,المدينة المنورة,العريض,,,,,,مصدر حجز — يحتاج مطابقة الترخيص / OTA sourced — licence verification required,Existing WAFD reference,,,,OTA/brand matched,OTA400
أنوار الزهراء,Anwar Al Zhra' Hotel,المدينة المنورة,المنطقة المركزية,المنطقة المركزية / Central Zone,داخل المنطقة المركزية / Central Area,387,300,0,رسمي موثق / Official Verified,المخطط الإرشادي للمسجد النبوي ومرافقه وفنادق المنطقة المركزية,,1448هـ / 2026م,تمت مطابقة الاسم ورقم الموقع من المخطط المرفق؛ الترخيص التجاري يحتاج تحققًا مستقلاً,Standardized transliteration from official-map Arabic name,Central204
فندق أنوار المدينة موفنبيك,Anwar Al Madinah Mövenpick Hotel,المدينة المنورة,المنطقة المركزية الشمالية,,,,,,مصدر حجز — يحتاج مطابقة الترخيص / OTA sourced — licence verification required,Existing WAFD reference,,,,OTA/brand matched,OTA400
فندق أوبروي المدينة,"The Oberoi, Madina",المدينة المنورة,المنطقة المركزية الشمالية,,,,,,مصدر حجز — يحتاج مطابقة الترخيص / OTA sourced — licence verification required,Existing WAFD reference,,,,OTA/brand matched,OTA400
فندق أودست المدينة,Odest Hotel Al Madina,المدينة المنورة,المنطقة المركزية الشمالية,,,,,,مصدر حجز — يحتاج مطابقة الترخيص / OTA sourced — licence verification required,Existing WAFD reference,,,,OTA/brand matched,OTA400
فندق أونارا ستاي,ONARA STAY HOTEL,المدينة المنورة,,,,,,,مصدر حجز — يحتاج مطابقة الترخيص / OTA sourced — licence verification required,Expedia Madinah all-properties directory,https://www.expedia.co.uk/All-Madinah-Hotels.d602705.Travel-Guide-City-All-Hotels,,,OTA English + standardized Arabic,OTA400
اونارا ستاي 2 للشقق المخدومه,Awnara Stay 2 Llshqq Al Mkhdwmh Hotel,المدينة المنورة,,,,,,,مصدر حجز — يحتاج مطابقة الترخيص / OTA sourced — licence verification required,Expedia Madinah all-properties directory,https://www.expedia.co.uk/All-Madinah-Hotels.d602705.Travel-Guide-City-All-Hotels,,,Standardized transliteration,OTA400
فندق إيلاف التقوى,Elaf Al Taqwa Hotel,المدينة المنورة,المنطقة المركزية الجنوبية,,,,,,مصدر حجز — يحتاج مطابقة الترخيص / OTA sourced — licence verification required,Existing WAFD reference,,,,OTA/brand matched,OTA400
فندق إيلاف المشاعر,Elaf Al Mashaer Hotel,المدينة المنورة,المنطقة المركزية,,,,,,مصدر حجز — يحتاج مطابقة الترخيص / OTA sourced — licence verification required,Existing WAFD reference,,,,OTA/brand matched,OTA400
فندق إيلاف طيبة,Elaf Taiba Hotel,المدينة المنورة,المنطقة المركزية الغربية,,,,,,مصدر حجز — يحتاج مطابقة الترخيص / OTA sourced — licence verification required,Existing WAFD reference,,,,OTA/brand matched,OTA400
إيليت النوخبا الخاليدييياه,Elite Alnokhba - Alkhalidiyyah,المدينة المنورة,,,,,,,مصدر حجز — يحتاج مطابقة الترخيص / OTA sourced — licence verification required,Booking.com Madinah directory,https://www.booking.com/city/sa/medina.en-gb.html,,,OTA English + standardized Arabic,OTA400
إيليت الهيجرا,Elite Alhijra,المدينة المنورة,,,,,,,مصدر حجز — يحتاج مطابقة الترخيص / OTA sourced — licence verification required,Expedia Madinah all-properties directory,https://www.expedia.co.uk/All-Madinah-Hotels.d602705.Travel-Guide-City-All-Hotels,,,OTA English + standardized Arabic,OTA400
فندق إيليت هافين,Hotel Elite Haven,المدينة المنورة,,,,,,,مصدر حجز — يحتاج مطابقة الترخيص / OTA sourced — licence verification required,Expedia Madinah all-properties directory,https://www.expedia.co.uk/All-Madinah-Hotels.d602705.Travel-Guide-City-All-Hotels,,,OTA English + standardized Arabic,OTA400
فندق إيليت هافين نيو,Elite Haven New Hotel,المدينة المنورة,,,,,,,مصدر حجز — يحتاج مطابقة الترخيص / OTA sourced — licence verification required,Expedia Madinah all-properties directory,https://www.expedia.co.uk/All-Madinah-Hotels.d602705.Travel-Guide-City-All-Hotels,,,OTA English + standardized Arabic,OTA400
فندق إي هوتيل,E Hotel,المدينة المنورة,العريض,,,,,,مصدر حجز — يحتاج مطابقة الترخيص / OTA sourced — licence verification required,Existing WAFD reference,,,,OTA/brand matched,OTA400
فندق إيوا إكسبريس المدينة,Ewaa Express Hotel Madinah,المدينة المنورة,خارج المنطقة المركزية,,,,,,مصدر حجز — يحتاج مطابقة الترخيص / OTA sourced — licence verification required,Existing WAFD reference,,,,OTA/brand matched,OTA400
فندق إيوان دار الهجرة,Ewan Dar Alhejra Hotel,المدينة المنورة,خارج المنطقة المركزية — قريب,خارج المنطقة المركزية / Outside Central Zone,قريب من المنطقة المركزية حتى 2 كم / Near Central up to 2 km,,,1.8,يحتاج مراجعة / Needs Review,Booking.com,https://www.booking.com/hotel/sa/iwan-dar-alhejra.html,2026,المسافة المنشورة لا تتجاوز 2 كم من المسجد النبوي,Existing verified English name,Central204
فندق باين إن,Pine Inn Hotel,المدينة المنورة,,,,,,,مصدر حجز — يحتاج مطابقة الترخيص / OTA sourced — licence verification required,Expedia Madinah all-properties directory,https://www.expedia.co.uk/All-Madinah-Hotels.d602705.Travel-Guide-City-All-Hotels,,,OTA English + standardized Arabic,OTA400
فندق برج جزيرة العرب,BORJ JAZIRAT ALARAB HOTEL,المدينة المنورة,,,,,,,مصدر حجز — يحتاج مطابقة الترخيص / OTA sourced — licence verification required,Expedia Madinah all-properties directory,https://www.expedia.co.uk/All-Madinah-Hotels.d602705.Travel-Guide-City-All-Hotels,,,OTA English + standardized Arabic,OTA400
فندق بلاتينيوم,Platinum Hotel,المدينة المنورة,,,,,,,مصدر حجز — يحتاج مطابقة الترخيص / OTA sourced — licence verification required,Expedia Madinah all-properties directory,https://www.expedia.co.uk/All-Madinah-Hotels.d602705.Travel-Guide-City-All-Hotels,,,OTA English + standardized Arabic,OTA400
فندق بلاتينيوم الأول,Platinum The First,المدينة المنورة,العزيزية,,,,,,مصدر حجز — يحتاج مطابقة الترخيص / OTA sourced — licence verification required,Existing WAFD reference,,,,OTA/brand matched,OTA400
فندق بلاتينيوم المدينة,Platinum Hotel Madinah,المدينة المنورة,المنطقة المركزية الشمالية,,,,,,مصدر حجز — يحتاج مطابقة الترخيص / OTA sourced — licence verification required,Existing WAFD reference,,,,OTA/brand matched,OTA400
بلازا إن أحد,Plaza Inn Ohud,المدينة المنورة,,,,,,,مصدر حجز — يحتاج مطابقة الترخيص / OTA sourced — licence verification required,Expedia Madinah all-properties directory,https://www.expedia.co.uk/All-Madinah-Hotels.d602705.Travel-Guide-City-All-Hotels,,,OTA English + standardized Arabic,OTA400
فندق بلفيدير,Belvedere Hotel,المدينة المنورة,,,,,,,مصدر حجز — يحتاج مطابقة الترخيص / OTA sourced — licence verification required,Expedia Madinah all-properties directory,https://www.expedia.co.uk/All-Madinah-Hotels.d602705.Travel-Guide-City-All-Hotels,,,OTA English + standardized Arabic,OTA400
فندق بلنسية المدينة,Balensia Hotel,المدينة المنورة,المنطقة المركزية الغربية,,,,,,مصدر حجز — يحتاج مطابقة الترخيص / OTA sourced — licence verification required,Existing WAFD reference,,,,OTA/brand matched,OTA400
فندق بنينسولا ورث,Peninsula Worth Hotel,المدينة المنورة,المنطقة المركزية,,,,,,مصدر حجز — يحتاج مطابقة الترخيص / OTA sourced — licence verification required,Existing WAFD reference,,,,OTA/brand matched,OTA400
فندق بورج مودة,Burj Mawaddah Hotel,المدينة المنورة,,,,,,,مصدر حجز — يحتاج مطابقة الترخيص / OTA sourced — licence verification required,Expedia Madinah all-properties directory,https://www.expedia.co.uk/All-Madinah-Hotels.d602705.Travel-Guide-City-All-Hotels,,,OTA English + standardized Arabic,OTA400
فندق بولمان زمزم المدينة,Pullman Zamzam Madina,المدينة المنورة,المنطقة المركزية الجنوبية,,,,,,مصدر حجز — يحتاج مطابقة الترخيص / OTA sourced — licence verification required,Existing WAFD reference,,,,OTA/brand matched,OTA400
فندق بيت سلسبيل,Beat Salsbil Hotel,المدينة المنورة,,,,,,,مصدر حجز — يحتاج مطابقة الترخيص / OTA sourced — licence verification required,Expedia Madinah all-properties directory,https://www.expedia.co.uk/All-Madinah-Hotels.d602705.Travel-Guide-City-All-Hotels,,,OTA English + standardized Arabic,OTA400
بيلتمور المدينة,Byltmwr Madinah Hotel,المدينة المنورة,المنطقة المركزية,المنطقة المركزية / Central Zone,داخل المنطقة المركزية / Central Area,101,100,0,رسمي موثق / Official Verified,المخطط الإرشادي للمسجد النبوي ومرافقه وفنادق المنطقة المركزية,,1448هـ / 2026م,تمت مطابقة الاسم ورقم الموقع من المخطط المرفق؛ الترخيص التجاري يحتاج تحققًا مستقلاً,Standardized transliteration from official-map Arabic name,Central204
بينسك وورث,Bynsk Wwrth Hotel,المدينة المنورة,المنطقة المركزية,المنطقة المركزية / Central Zone,داخل المنطقة المركزية / Central Area,127,100,0,رسمي موثق / Official Verified,المخطط الإرشادي للمسجد النبوي ومرافقه وفنادق المنطقة المركزية,,1448هـ / 2026م,تمت مطابقة الاسم ورقم الموقع من المخطط المرفق؛ الترخيص التجاري يحتاج تحققًا مستقلاً,Standardized transliteration from official-map Arabic name,Central204
فندق بيوت قباء,Buyut Quba Hotel,المدينة المنورة,قباء,,,,,,مصدر حجز — يحتاج مطابقة الترخيص / OTA sourced — licence verification required,Existing WAFD reference,,,,OTA/brand matched,OTA400
فندق بيوند ليمتس,Beyond Limits hotel,المدينة المنورة,,,,,,,مصدر حجز — يحتاج مطابقة الترخيص / OTA sourced — licence verification required,Expedia Madinah all-properties directory,https://www.expedia.co.uk/All-Madinah-Hotels.d602705.Travel-Guide-City-All-Hotels,,,OTA English + standardized Arabic,OTA400
فندق تاج الإيمان,Taj Al Eiman Hotel,المدينة المنورة,,,,,,,مصدر حجز — يحتاج مطابقة الترخيص / OTA sourced — licence verification required,Expedia Madinah all-properties directory,https://www.expedia.co.uk/All-Madinah-Hotels.d602705.Travel-Guide-City-All-Hotels,,,OTA English + standardized Arabic,OTA400
تاج ورد,Taj Wrd Hotel,المدينة المنورة,المنطقة المركزية,المنطقة المركزية / Central Zone,داخل المنطقة المركزية / Central Area,446,400,0,رسمي موثق / Official Verified,المخطط الإرشادي للمسجد النبوي ومرافقه وفنادق المنطقة المركزية,,1448هـ / 2026م,تمت مطابقة الاسم ورقم الموقع من المخطط المرفق؛ الترخيص التجاري يحتاج تحققًا مستقلاً,Standardized transliteration from official-map Arabic name,Central204
فندق تريبُل ثري,Triple Three Hotel,المدينة المنورة,قرب المطار,,,,,,مصدر حجز — يحتاج مطابقة الترخيص / OTA sourced — licence verification required,Existing WAFD reference,,,,OTA/brand matched,OTA400
توليب إن ال داار روافد,TULIP INN AL DAAR RAWAFID,المدينة المنورة,,,,,,,مصدر حجز — يحتاج مطابقة الترخيص / OTA sourced — licence verification required,Expedia Madinah all-properties directory,https://www.expedia.co.uk/All-Madinah-Hotels.d602705.Travel-Guide-City-All-Hotels,,,OTA English + standardized Arabic,OTA400
فندق تيلا,Teela Hotel,المدينة المنورة,,,,,,,مصدر حجز — يحتاج مطابقة الترخيص / OTA sourced — licence verification required,Expedia Madinah all-properties directory,https://www.expedia.co.uk/All-Madinah-Hotels.d602705.Travel-Guide-City-All-Hotels,,,OTA English + standardized Arabic,OTA400
فندق جادة المدينة,Jadah Al Madinah Hotel,المدينة المنورة,قربان,,,,,,مصدر حجز — يحتاج مطابقة الترخيص / OTA sourced — licence verification required,Existing WAFD reference,,,,OTA/brand matched,OTA400
فندق جادة ريزيدنس باي سي إتش,Jadah Residence-BY CH,المدينة المنورة,خارج المنطقة المركزية,,,,,,مصدر حجز — يحتاج مطابقة الترخيص / OTA sourced — licence verification required,Existing WAFD reference,,,,OTA/brand matched,OTA400
فندق جايدن,Jayden Hotel,المدينة المنورة,,,,,,,مصدر حجز — يحتاج مطابقة الترخيص / OTA sourced — licence verification required,Expedia Madinah all-properties directory,https://www.expedia.co.uk/All-Madinah-Hotels.d602705.Travel-Guide-City-All-Hotels,,,OTA English + standardized Arabic,OTA400
جراند الشهباء,Grand AL-Shahbaa,المدينة المنورة,,,,,,,مصدر حجز — يحتاج مطابقة الترخيص / OTA sourced — licence verification required,Expedia Madinah all-properties directory,https://www.expedia.co.uk/All-Madinah-Hotels.d602705.Travel-Guide-City-All-Hotels,,,OTA English + standardized Arabic,OTA400
جراند الصافي,Grand Al Safy Hotel,المدينة المنورة,المنطقة المركزية,المنطقة المركزية / Central Zone,داخل المنطقة المركزية / Central Area,350,300,0,رسمي موثق / Official Verified,المخطط الإرشادي للمسجد النبوي ومرافقه وفنادق المنطقة المركزية,,1448هـ / 2026م,تمت مطابقة الاسم ورقم الموقع من المخطط المرفق؛ الترخيص التجاري يحتاج تحققًا مستقلاً,Standardized transliteration from official-map Arabic name,Central204
جراند بلازا السلام,Grand Plaza Al Salam Hotel,المدينة المنورة,المنطقة المركزية,المنطقة المركزية / Central Zone,داخل المنطقة المركزية / Central Area,322,300,0,رسمي موثق / Official Verified,المخطط الإرشادي للمسجد النبوي ومرافقه وفنادق المنطقة المركزية,,1448هـ / 2026م,تمت مطابقة الاسم ورقم الموقع من المخطط المرفق؛ الترخيص التجاري يحتاج تحققًا مستقلاً,Standardized transliteration from official-map Arabic name,Central204
فندق جراند بلازا المدينة,Grand Plaza Al Madina,المدينة المنورة,المنطقة المركزية الشمالية,,,,,,مصدر حجز — يحتاج مطابقة الترخيص / OTA sourced — licence verification required,Existing WAFD reference,,,,OTA/brand matched,OTA400
فندق جراند بلازا بدر المقام,Grand Plaza Badr Al Maqam,المدينة المنورة,المنطقة المركزية الشمالية,,,,,,مصدر حجز — يحتاج مطابقة الترخيص / OTA sourced — licence verification required,Existing WAFD reference,,,,OTA/brand matched,OTA400
فندق جراند زوار,Grand Zowar Hotel,المدينة المنورة,,,,,,,مصدر حجز — يحتاج مطابقة الترخيص / OTA sourced — licence verification required,Expedia Madinah all-properties directory,https://www.expedia.co.uk/All-Madinah-Hotels.d602705.Travel-Guide-City-All-Hotels,,,OTA English + standardized Arabic,OTA400
فندق جراند ميلينيوم الحرم,Grand Millennium Al Haram,المدينة المنورة,المنطقة المركزية,,,,,,مصدر حجز — يحتاج مطابقة الترخيص / OTA sourced — licence verification required,Existing WAFD reference,,,,OTA/brand matched,OTA400
جلنار الراكي,gelnar alraqi,المدينة المنورة,,,,,,,مصدر حجز — يحتاج مطابقة الترخيص / OTA sourced — licence verification required,Expedia Madinah all-properties directory,https://www.expedia.co.uk/All-Madinah-Hotels.d602705.Travel-Guide-City-All-Hotels,,,OTA English + standardized Arabic,OTA400
فندق جلنار طيبة,Gulnar Taiba Hotel,المدينة المنورة,,,,,,,مصدر حجز — يحتاج مطابقة الترخيص / OTA sourced — licence verification required,Expedia Madinah all-properties directory,https://www.expedia.co.uk/All-Madinah-Hotels.d602705.Travel-Guide-City-All-Hotels,,,OTA English + standardized Arabic,OTA400
فندق جوار الأندلس,Gewar Alandalus Hotel,المدينة المنورة,,,,,,,مصدر حجز — يحتاج مطابقة الترخيص / OTA sourced — licence verification required,Expedia Madinah all-properties directory,https://www.expedia.co.uk/All-Madinah-Hotels.d602705.Travel-Guide-City-All-Hotels,,,OTA English + standardized Arabic,OTA400
جوار الرحمة,Jawar Al Rahma,المدينة المنورة,,,,,,,مصدر حجز — يحتاج مطابقة الترخيص / OTA sourced — licence verification required,Expedia Madinah all-properties directory,https://www.expedia.co.uk/All-Madinah-Hotels.d602705.Travel-Guide-City-All-Hotels,,,OTA English + standardized Arabic,OTA400
فندق جوار الساحة,Jiwar Al Saha Hotel,المدينة المنورة,,,,,,,مصدر حجز — يحتاج مطابقة الترخيص / OTA sourced — licence verification required,Expedia Madinah all-properties directory,https://www.expedia.co.uk/All-Madinah-Hotels.d602705.Travel-Guide-City-All-Hotels,,,OTA English + standardized Arabic,OTA400
جوار المدينة,Jiwar Madinah Hotel,المدينة المنورة,المنطقة المركزية,المنطقة المركزية / Central Zone,داخل المنطقة المركزية / Central Area,428,400,0,رسمي موثق / Official Verified,المخطط الإرشادي للمسجد النبوي ومرافقه وفنادق المنطقة المركزية,,1448هـ / 2026م,تمت مطابقة الاسم ورقم الموقع من المخطط المرفق؛ الترخيص التجاري يحتاج تحققًا مستقلاً,Standardized transliteration from official-map Arabic name,Central204
جوار طيبة,Jiwar Taiba Hotel,المدينة المنورة,المنطقة المركزية,المنطقة المركزية / Central Zone,داخل المنطقة المركزية / Central Area,375,300,0,رسمي موثق / Official Verified,المخطط الإرشادي للمسجد النبوي ومرافقه وفنادق المنطقة المركزية,,1448هـ / 2026م,تمت مطابقة الاسم ورقم الموقع من المخطط المرفق؛ الترخيص التجاري يحتاج تحققًا مستقلاً,Standardized transliteration from official-map Arabic name,Central204
جولدن توليب الذهبي,Golden Tulip Al Zahabi,المدينة المنورة,,,,,,,مصدر حجز — يحتاج مطابقة الترخيص / OTA sourced — licence verification required,Expedia Madinah all-properties directory,https://www.expedia.co.uk/All-Madinah-Hotels.d602705.Travel-Guide-City-All-Hotels,,,OTA English + standardized Arabic,OTA400
فندق جولدن توليب المكتان,Emaar Mektan Hotel,المدينة المنورة,المنطقة المركزية الغربية,,,,,,مصدر حجز — يحتاج مطابقة الترخيص / OTA sourced — licence verification required,Existing WAFD reference,,,,OTA/brand matched,OTA400
فندق جولدن جاردن,Golden Garden Hotel,المدينة المنورة,العريض,,,,,,مصدر حجز — يحتاج مطابقة الترخيص / OTA sourced — licence verification required,Existing WAFD reference,,,,OTA/brand matched,OTA400
فندق جيور المدينة,Jiwar Al Madina Hotel,المدينة المنورة,المنطقة المركزية,,,,,,مصدر حجز — يحتاج مطابقة الترخيص / OTA sourced — licence verification required,Existing WAFD reference,,,,OTA/brand matched,OTA400
فندق حصون الجيوار,Hoson Aljiwar hotel,المدينة المنورة,,,,,,,مصدر حجز — يحتاج مطابقة الترخيص / OTA sourced — licence verification required,Expedia Madinah all-properties directory,https://www.expedia.co.uk/All-Madinah-Hotels.d602705.Travel-Guide-City-All-Hotels,,,OTA English + standardized Arabic,OTA400
حياة الذهبي,Hayah Golden Hotel,المدينة المنورة,المنطقة المركزية,المنطقة المركزية / Central Zone,داخل المنطقة المركزية / Central Area,220,200,0,رسمي موثق / Official Verified,المخطط الإرشادي للمسجد النبوي ومرافقه وفنادق المنطقة المركزية,,1448هـ / 2026م,تمت مطابقة الاسم ورقم الموقع من المخطط المرفق؛ الترخيص التجاري يحتاج تحققًا مستقلاً,Standardized transliteration from official-map Arabic name,Central204
فندق حياة السلام سيلفر,Hayah Salam Silver Hotel,المدينة المنورة,,,,,,,مصدر حجز — يحتاج مطابقة الترخيص / OTA sourced — licence verification required,Expedia Madinah all-properties directory,https://www.expedia.co.uk/All-Madinah-Hotels.d602705.Travel-Guide-City-All-Hotels,,,OTA English + standardized Arabic,OTA400
حياة الماسي,Hayah Almasi Hotel,المدينة المنورة,المنطقة المركزية,المنطقة المركزية / Central Zone,داخل المنطقة المركزية / Central Area,385,300,0,رسمي موثق / Official Verified,المخطط الإرشادي للمسجد النبوي ومرافقه وفنادق المنطقة المركزية,,1448هـ / 2026م,تمت مطابقة الاسم ورقم الموقع من المخطط المرفق؛ الترخيص التجاري يحتاج تحققًا مستقلاً,Standardized transliteration from official-map Arabic name,Central204
حياة الهدى,Hayah Al Hda Hotel,المدينة المنورة,المنطقة المركزية,المنطقة المركزية / Central Zone,داخل المنطقة المركزية / Central Area,245,200,0,رسمي موثق / Official Verified,المخطط الإرشادي للمسجد النبوي ومرافقه وفنادق المنطقة المركزية,,1448هـ / 2026م,تمت مطابقة الاسم ورقم الموقع من المخطط المرفق؛ الترخيص التجاري يحتاج تحققًا مستقلاً,Standardized transliteration from official-map Arabic name,Central204
فندق حياة الواحة,Hayah Al Waha Hotel,المدينة المنورة,,,,,,,مصدر حجز — يحتاج مطابقة الترخيص / OTA sourced — licence verification required,Expedia Madinah all-properties directory,https://www.expedia.co.uk/All-Madinah-Hotels.d602705.Travel-Guide-City-All-Hotels,,,OTA English + standardized Arabic,OTA400
فندق حياة إنترناشيونال,Hayatt International Hotel,المدينة المنورة,المنطقة المركزية الشمالية,,,,,,مصدر حجز — يحتاج مطابقة الترخيص / OTA sourced — licence verification required,Existing WAFD reference,,,,OTA/brand matched,OTA400
فندق حياة بلازا,Hayah Plaza Hotel,المدينة المنورة,المنطقة المركزية الجنوبية,,,,,,مصدر حجز — يحتاج مطابقة الترخيص / OTA sourced — licence verification required,Existing WAFD reference,,,,OTA/brand matched,OTA400
حياة جراند,Hayah Grand Hotel,المدينة المنورة,المنطقة المركزية,المنطقة المركزية / Central Zone,داخل المنطقة المركزية / Central Area,331,300,0,رسمي موثق / Official Verified,المخطط الإرشادي للمسجد النبوي ومرافقه وفنادق المنطقة المركزية,,1448هـ / 2026م,تمت مطابقة الاسم ورقم الموقع من المخطط المرفق؛ الترخيص التجاري يحتاج تحققًا مستقلاً,Standardized transliteration from official-map Arabic name,Central204
دار الإيمان أحد,Dar Al Eiman Ohud,المدينة المنورة,,,,,,,مصدر حجز — يحتاج مطابقة الترخيص / OTA sourced — licence verification required,Expedia Madinah all-properties directory,https://www.expedia.co.uk/All-Madinah-Hotels.d602705.Travel-Guide-City-All-Hotels,,,OTA English + standardized Arabic,OTA400
فندق دار الإيمان الحرم,Dar Al Eiman Al Haram Hotel,المدينة المنورة,المنطقة المركزية,,,,,,مصدر حجز — يحتاج مطابقة الترخيص / OTA sourced — licence verification required,Existing WAFD reference,,,,OTA/brand matched,OTA400
فندق دار الإيمان السلام,Dar Al Eiman Al Salam Hotel,المدينة المنورة,العنبرية,,,,,,مصدر حجز — يحتاج مطابقة الترخيص / OTA sourced — licence verification required,Existing WAFD reference,,,,OTA/brand matched,OTA400
فندق دار الإيمان النور,Dar Al Eiman Al Nour Hotel,المدينة المنورة,المنطقة المركزية الغربية,,,,,,مصدر حجز — يحتاج مطابقة الترخيص / OTA sourced — licence verification required,Existing WAFD reference,,,,OTA/brand matched,OTA400
دار الإيمان إنتركونتيننتال,Dar Al Eiman Intrkwntynntal Hotel,المدينة المنورة,المنطقة المركزية,المنطقة المركزية / Central Zone,داخل المنطقة المركزية / Central Area,158,100,0,رسمي موثق / Official Verified,المخطط الإرشادي للمسجد النبوي ومرافقه وفنادق المنطقة المركزية,,1448هـ / 2026م,تمت مطابقة الاسم ورقم الموقع من المخطط المرفق؛ الترخيص التجاري يحتاج تحققًا مستقلاً,Standardized transliteration from official-map Arabic name,Central204
فندق دار الإيمان قباء,Dar Al Eiman Quba Hotel,المدينة المنورة,قباء,,,,,,مصدر حجز — يحتاج مطابقة الترخيص / OTA sourced — licence verification required,Existing WAFD reference,,,,OTA/brand matched,OTA400
فندق دار التقوى,Dar Al Taqwa Hotel,المدينة المنورة,المنطقة المركزية الشمالية,,,,,,مصدر حجز — يحتاج مطابقة الترخيص / OTA sourced — licence verification required,Existing WAFD reference,,,,OTA/brand matched,OTA400
فندق دار الرضا,Dar Al Reda,المدينة المنورة,خارج المنطقة المركزية,,,,,,مصدر حجز — يحتاج مطابقة الترخيص / OTA sourced — licence verification required,Existing WAFD reference,,,,OTA/brand matched,OTA400
فندق دار الشروق,Dar Al Shorouq Hotel,المدينة المنورة,العريض,,,,,,مصدر حجز — يحتاج مطابقة الترخيص / OTA sourced — licence verification required,Existing WAFD reference,,,,OTA/brand matched,OTA400
فندق دار النعيم,Dar Al Naeem Hotel,المدينة المنورة,المنطقة المركزية الشمالية,,,,,,مصدر حجز — يحتاج مطابقة الترخيص / OTA sourced — licence verification required,Existing WAFD reference,,,,OTA/brand matched,OTA400
دار الهجرة إنتركونتيننتال,Dar Al Hijrah Intrkwntynntal Hotel,المدينة المنورة,المنطقة المركزية,المنطقة المركزية / Central Zone,داخل المنطقة المركزية / Central Area,125,100,0,رسمي موثق / Official Verified,المخطط الإرشادي للمسجد النبوي ومرافقه وفنادق المنطقة المركزية,,1448هـ / 2026م,تمت مطابقة الاسم ورقم الموقع من المخطط المرفق؛ الترخيص التجاري يحتاج تحققًا مستقلاً,Standardized transliteration from official-map Arabic name,Central204
فندق دار ال يشاال,Dar Al Eshaal Hotel,المدينة المنورة,,,,,,,مصدر حجز — يحتاج مطابقة الترخيص / OTA sourced — licence verification required,Expedia Madinah all-properties directory,https://www.expedia.co.uk/All-Madinah-Hotels.d602705.Travel-Guide-City-All-Hotels,,,OTA English + standardized Arabic,OTA400
فندق دان,Dan Hotel,المدينة المنورة,,,,,,,مصدر حجز — يحتاج مطابقة الترخيص / OTA sourced — licence verification required,Expedia Madinah all-properties directory,https://www.expedia.co.uk/All-Madinah-Hotels.d602705.Travel-Guide-City-All-Hotels,,,OTA English + standardized Arabic,OTA400
دان بلاتينيوم,Dan Pelatenium,المدينة المنورة,,,,,,,مصدر حجز — يحتاج مطابقة الترخيص / OTA sourced — licence verification required,Expedia Madinah all-properties directory,https://www.expedia.co.uk/All-Madinah-Hotels.d602705.Travel-Guide-City-All-Hotels,,,OTA English + standardized Arabic,OTA400
فندق دان جولدن لاونج,Dan Golden Hotel & Lounge,المدينة المنورة,,,,,,,مصدر حجز — يحتاج مطابقة الترخيص / OTA sourced — licence verification required,Expedia Madinah all-properties directory,https://www.expedia.co.uk/All-Madinah-Hotels.d602705.Travel-Guide-City-All-Hotels,,,OTA English + standardized Arabic,OTA400
فندق دايموند كورنرز,Diamond corners Hotel,المدينة المنورة,,,,,,,مصدر حجز — يحتاج مطابقة الترخيص / OTA sourced — licence verification required,Expedia Madinah all-properties directory,https://www.expedia.co.uk/All-Madinah-Hotels.d602705.Travel-Guide-City-All-Hotels,,,OTA English + standardized Arabic,OTA400
فندق دايموند كورنرز سيركلر,Diamond Corners Circular Hotel,المدينة المنورة,,,,,,,مصدر حجز — يحتاج مطابقة الترخيص / OTA sourced — licence verification required,Expedia Madinah all-properties directory,https://www.expedia.co.uk/All-Madinah-Hotels.d602705.Travel-Guide-City-All-Hotels,,,OTA English + standardized Arabic,OTA400
دبل تري من هيلتون المدينة جيت,DoubleTree By Hilton Madinah Gate,المدينة المنورة,,,,,,,مصدر حجز — يحتاج مطابقة الترخيص / OTA sourced — licence verification required,Expedia Madinah all-properties directory,https://www.expedia.co.uk/All-Madinah-Hotels.d602705.Travel-Guide-City-All-Hotels,,,OTA English + standardized Arabic,OTA400
فندق درة الإيمان,Durrat Al Eiman Hotel,المدينة المنورة,المنطقة المركزية,,,,,,مصدر حجز — يحتاج مطابقة الترخيص / OTA sourced — licence verification required,Existing WAFD reference,,,,OTA/brand matched,OTA400
درة المدينة,Durrat Al Madinah,المدينة المنورة,المنطقة المركزية,المنطقة المركزية / Central Zone,داخل المنطقة المركزية / Central Area,436,400,0,رسمي موثق / Official Verified,المخطط الإرشادي للمسجد النبوي ومرافقه وفنادق المنطقة المركزية,,1448هـ / 2026م,تمت مطابقة الاسم ورقم الموقع من المخطط المرفق؛ الترخيص التجاري يحتاج تحققًا مستقلاً,Existing verified English name,Central204
درة طابة,Durrat Taiba,المدينة المنورة,المنطقة المركزية,المنطقة المركزية / Central Zone,داخل المنطقة المركزية / Central Area,462,400,0,رسمي موثق / Official Verified,المخطط الإرشادي للمسجد النبوي ومرافقه وفنادق المنطقة المركزية,,1448هـ / 2026م,تمت مطابقة الاسم ورقم الموقع من المخطط المرفق؛ الترخيص التجاري يحتاج تحققًا مستقلاً,Existing verified English name,Central204
فندق دلة طيبة,Dallah Taibah Hotel,المدينة المنورة,المنطقة المركزية الشمالية,,,,,,مصدر حجز — يحتاج مطابقة الترخيص / OTA sourced — licence verification required,Existing WAFD reference,,,,OTA/brand matched,OTA400
ديار الإيمان,Diyar Al Eiman Hotel,المدينة المنورة,المنطقة المركزية,المنطقة المركزية / Central Zone,داخل المنطقة المركزية / Central Area,141,100,0,رسمي موثق / Official Verified,المخطط الإرشادي للمسجد النبوي ومرافقه وفنادق المنطقة المركزية,,1448هـ / 2026م,تمت مطابقة الاسم ورقم الموقع من المخطط المرفق؛ الترخيص التجاري يحتاج تحققًا مستقلاً,Standardized transliteration from official-map Arabic name,Central204
فندق ديار التاكوا,Diyar Altaqwa Hotel,المدينة المنورة,,,,,,,مصدر حجز — يحتاج مطابقة الترخيص / OTA sourced — licence verification required,Booking.com Madinah directory,https://www.booking.com/city/sa/medina.en-gb.html,,,OTA English + standardized Arabic,OTA400
ديار التقوى,Diyar Al Taqwa Hotel,المدينة المنورة,المنطقة المركزية,المنطقة المركزية / Central Zone,داخل المنطقة المركزية / Central Area,218,200,0,رسمي موثق / Official Verified,المخطط الإرشادي للمسجد النبوي ومرافقه وفنادق المنطقة المركزية,,1448هـ / 2026م,تمت مطابقة الاسم ورقم الموقع من المخطط المرفق؛ الترخيص التجاري يحتاج تحققًا مستقلاً,Standardized transliteration from official-map Arabic name,Central204
ديار الحبيب,Diyar Al Hbyb Hotel,المدينة المنورة,المنطقة المركزية,المنطقة المركزية / Central Zone,داخل المنطقة المركزية / Central Area,461,400,0,رسمي موثق / Official Verified,المخطط الإرشادي للمسجد النبوي ومرافقه وفنادق المنطقة المركزية,,1448هـ / 2026م,تمت مطابقة الاسم ورقم الموقع من المخطط المرفق؛ الترخيص التجاري يحتاج تحققًا مستقلاً,Standardized transliteration from official-map Arabic name,Central204
ديار السلام الفضي,Diyar Al Salam Al Fdy Hotel,المدينة المنورة,المنطقة المركزية,المنطقة المركزية / Central Zone,داخل المنطقة المركزية / Central Area,208,200,0,رسمي موثق / Official Verified,المخطط الإرشادي للمسجد النبوي ومرافقه وفنادق المنطقة المركزية,,1448هـ / 2026م,تمت مطابقة الاسم ورقم الموقع من المخطط المرفق؛ الترخيص التجاري يحتاج تحققًا مستقلاً,Standardized transliteration from official-map Arabic name,Central204
فندق ديار المدينة,Diyar Al Madina Hotel,المدينة المنورة,خارج المنطقة المركزية,,,,,,مصدر حجز — يحتاج مطابقة الترخيص / OTA sourced — licence verification required,Existing WAFD reference,,,,OTA/brand matched,OTA400
ديار النخيل,Diyar Al Nkhyl Hotel,المدينة المنورة,المنطقة المركزية,المنطقة المركزية / Central Zone,داخل المنطقة المركزية / Central Area,339,300,0,رسمي موثق / Official Verified,المخطط الإرشادي للمسجد النبوي ومرافقه وفنادق المنطقة المركزية,,1448هـ / 2026م,تمت مطابقة الاسم ورقم الموقع من المخطط المرفق؛ الترخيص التجاري يحتاج تحققًا مستقلاً,Standardized transliteration from official-map Arabic name,Central204
ديار الهدى,Diyar Al Hda Hotel,المدينة المنورة,المنطقة المركزية,المنطقة المركزية / Central Zone,داخل المنطقة المركزية / Central Area,330,300,0,رسمي موثق / Official Verified,المخطط الإرشادي للمسجد النبوي ومرافقه وفنادق المنطقة المركزية,,1448هـ / 2026م,تمت مطابقة الاسم ورقم الموقع من المخطط المرفق؛ الترخيص التجاري يحتاج تحققًا مستقلاً,Standardized transliteration from official-map Arabic name,Central204
ديار عجوة، تابستري كوليكشن من هيلتون,"Diyar Ajwa, Tapestry Collection by Hilton",المدينة المنورة,,,,,,,مصدر حجز — يحتاج مطابقة الترخيص / OTA sourced — licence verification required,Expedia Madinah all-properties directory,https://www.expedia.co.uk/All-Madinah-Hotels.d602705.Travel-Guide-City-All-Hotels,,,Hilton official current property name,OTA400
ديار عجوة تابيستري هيلتون,Diyar Ajwa Tabystry Hilton Hotel,المدينة المنورة,المنطقة المركزية,المنطقة المركزية / Central Zone,داخل المنطقة المركزية / Central Area,159,100,0,رسمي موثق / Official Verified,المخطط الإرشادي للمسجد النبوي ومرافقه وفنادق المنطقة المركزية,,1448هـ / 2026م,تمت مطابقة الاسم ورقم الموقع من المخطط المرفق؛ الترخيص التجاري يحتاج تحققًا مستقلاً,Standardized transliteration from official-map Arabic name,Central204
ديار واحة النزيل,Diyar Waha Al Nzyl Hotel,المدينة المنورة,المنطقة المركزية,المنطقة المركزية / Central Zone,داخل المنطقة المركزية / Central Area,228,200,0,رسمي موثق / Official Verified,المخطط الإرشادي للمسجد النبوي ومرافقه وفنادق المنطقة المركزية,,1448هـ / 2026م,تمت مطابقة الاسم ورقم الموقع من المخطط المرفق؛ الترخيص التجاري يحتاج تحققًا مستقلاً,Standardized transliteration from official-map Arabic name,Central204
فندق ديلانو المدينة,Delano Al Madinah Hotel,المدينة المنورة,العريض,,,,,,مصدر حجز — يحتاج مطابقة الترخيص / OTA sourced — licence verification required,Existing WAFD reference,,,,OTA/brand matched,OTA400
فندق ديلايتس إن جرين واحة,Delights Inn - Green Oasis Hotel,المدينة المنورة,,,,,,,مصدر حجز — يحتاج مطابقة الترخيص / OTA sourced — licence verification required,Expedia Madinah all-properties directory,https://www.expedia.co.uk/All-Madinah-Hotels.d602705.Travel-Guide-City-All-Hotels,,,OTA English + standardized Arabic,OTA400
فندق ديم المدينة,Deem Almadina Hotel,المدينة المنورة,شظاة,,,,,,مصدر حجز — يحتاج مطابقة الترخيص / OTA sourced — licence verification required,Existing WAFD reference,,,,OTA/brand matched,OTA400
ديوان المدينة,Diwan Al Madinah,المدينة المنورة,المنطقة المركزية,المنطقة المركزية / Central Zone,داخل المنطقة المركزية / Central Area,474,400,0,رسمي موثق / Official Verified,المخطط الإرشادي للمسجد النبوي ومرافقه وفنادق المنطقة المركزية,,1448هـ / 2026م,تمت مطابقة الاسم ورقم الموقع من المخطط المرفق؛ الترخيص التجاري يحتاج تحققًا مستقلاً,Existing verified English name,Central204
ديوان الهجرة,Dywan Al Hijrah Hotel,المدينة المنورة,المنطقة المركزية,المنطقة المركزية / Central Zone,داخل المنطقة المركزية / Central Area,337,300,0,رسمي موثق / Official Verified,المخطط الإرشادي للمسجد النبوي ومرافقه وفنادق المنطقة المركزية,,1448هـ / 2026م,تمت مطابقة الاسم ورقم الموقع من المخطط المرفق؛ الترخيص التجاري يحتاج تحققًا مستقلاً,Standardized transliteration from official-map Arabic name,Central204
ديوان روز,Dywan Rwz Hotel,المدينة المنورة,المنطقة المركزية,المنطقة المركزية / Central Zone,داخل المنطقة المركزية / Central Area,314,300,0,رسمي موثق / Official Verified,المخطط الإرشادي للمسجد النبوي ومرافقه وفنادق المنطقة المركزية,,1448هـ / 2026م,تمت مطابقة الاسم ورقم الموقع من المخطط المرفق؛ الترخيص التجاري يحتاج تحققًا مستقلاً,Standardized transliteration from official-map Arabic name,Central204
فندق ذا بلتمور المدينة,The Biltmore Almadinah Hotel,المدينة المنورة,المنطقة المركزية,,,,,,مصدر حجز — يحتاج مطابقة الترخيص / OTA sourced — licence verification required,Existing WAFD reference,,,,OTA/brand matched,OTA400
فندق ذا سيزونز ابي زور,The Seasons Hotel-abi Zur,المدينة المنورة,,,,,,,مصدر حجز — يحتاج مطابقة الترخيص / OTA sourced — licence verification required,Expedia Madinah all-properties directory,https://www.expedia.co.uk/All-Madinah-Hotels.d602705.Travel-Guide-City-All-Hotels,,,OTA English + standardized Arabic,OTA400
ذا سيزونز فنادق,The Seasons Hotels,المدينة المنورة,,,,,,,مصدر حجز — يحتاج مطابقة الترخيص / OTA sourced — licence verification required,Expedia Madinah all-properties directory,https://www.expedia.co.uk/All-Madinah-Hotels.d602705.Travel-Guide-City-All-Hotels,,,OTA English + standardized Arabic,OTA400
فندق ذا سيزونز كينج ابدوللاه,The Seasons Hotel-king Abdullah,المدينة المنورة,,,,,,,مصدر حجز — يحتاج مطابقة الترخيص / OTA sourced — licence verification required,Expedia Madinah all-properties directory,https://www.expedia.co.uk/All-Madinah-Hotels.d602705.Travel-Guide-City-All-Hotels,,,OTA English + standardized Arabic,OTA400
رؤيا الأندلس البلاتيني,Roya Alandalus Al Blatyny Hotel,المدينة المنورة,المنطقة المركزية,المنطقة المركزية / Central Zone,داخل المنطقة المركزية / Central Area,341,300,0,رسمي موثق / Official Verified,المخطط الإرشادي للمسجد النبوي ومرافقه وفنادق المنطقة المركزية,,1448هـ / 2026م,تمت مطابقة الاسم ورقم الموقع من المخطط المرفق؛ الترخيص التجاري يحتاج تحققًا مستقلاً,Standardized transliteration from official-map Arabic name,Central204
رؤيا الأندلس النخبة,Roya Alandalus Al Nkhba Hotel,المدينة المنورة,المنطقة المركزية,المنطقة المركزية / Central Zone,داخل المنطقة المركزية / Central Area,319,300,0,رسمي موثق / Official Verified,المخطط الإرشادي للمسجد النبوي ومرافقه وفنادق المنطقة المركزية,,1448هـ / 2026م,تمت مطابقة الاسم ورقم الموقع من المخطط المرفق؛ الترخيص التجاري يحتاج تحققًا مستقلاً,Standardized transliteration from official-map Arabic name,Central204
فندق رؤى الأندلس البلاتيني,Roaa Alandalus Platinum Hotel,المدينة المنورة,المنطقة المركزية,,,,,,مصدر حجز — يحتاج مطابقة الترخيص / OTA sourced — licence verification required,Existing WAFD reference,,,,OTA/brand matched,OTA400
رؤى السعادة,Roaa Al Saadah Hotel,المدينة المنورة,المنطقة المركزية,المنطقة المركزية / Central Zone,داخل المنطقة المركزية / Central Area,238,200,0,رسمي موثق / Official Verified,المخطط الإرشادي للمسجد النبوي ومرافقه وفنادق المنطقة المركزية,,1448هـ / 2026م,تمت مطابقة الاسم ورقم الموقع من المخطط المرفق؛ الترخيص التجاري يحتاج تحققًا مستقلاً,Standardized transliteration from official-map Arabic name,Central204
رؤى الضيافة,Roaa Al Diyafa Hotel,المدينة المنورة,المنطقة المركزية,المنطقة المركزية / Central Zone,داخل المنطقة المركزية / Central Area,356,300,0,رسمي موثق / Official Verified,المخطط الإرشادي للمسجد النبوي ومرافقه وفنادق المنطقة المركزية,,1448هـ / 2026م,تمت مطابقة الاسم ورقم الموقع من المخطط المرفق؛ الترخيص التجاري يحتاج تحققًا مستقلاً,Standardized transliteration from official-map Arabic name,Central204
رؤى العالمي,Roaa Al Aalmy Hotel,المدينة المنورة,المنطقة المركزية,المنطقة المركزية / Central Zone,داخل المنطقة المركزية / Central Area,120,100,0,رسمي موثق / Official Verified,المخطط الإرشادي للمسجد النبوي ومرافقه وفنادق المنطقة المركزية,,1448هـ / 2026م,تمت مطابقة الاسم ورقم الموقع من المخطط المرفق؛ الترخيص التجاري يحتاج تحققًا مستقلاً,Standardized transliteration from official-map Arabic name,Central204
رؤى الفخامة,Roaa Al Fkhama Hotel,المدينة المنورة,المنطقة المركزية,المنطقة المركزية / Central Zone,داخل المنطقة المركزية / Central Area,227,200,0,رسمي موثق / Official Verified,المخطط الإرشادي للمسجد النبوي ومرافقه وفنادق المنطقة المركزية,,1448هـ / 2026م,تمت مطابقة الاسم ورقم الموقع من المخطط المرفق؛ الترخيص التجاري يحتاج تحققًا مستقلاً,Standardized transliteration from official-map Arabic name,Central204
رؤى الماسي,Roaa Almasi Hotel,المدينة المنورة,المنطقة المركزية,المنطقة المركزية / Central Zone,داخل المنطقة المركزية / Central Area,457,400,0,رسمي موثق / Official Verified,المخطط الإرشادي للمسجد النبوي ومرافقه وفنادق المنطقة المركزية,,1448هـ / 2026م,تمت مطابقة الاسم ورقم الموقع من المخطط المرفق؛ الترخيص التجاري يحتاج تحققًا مستقلاً,Standardized transliteration from official-map Arabic name,Central204
فندق رؤى الهجرة,Rua Al Hijrah Hotel,المدينة المنورة,المنطقة المركزية الغربية,,,,,,مصدر حجز — يحتاج مطابقة الترخيص / OTA sourced — licence verification required,Existing WAFD reference,,,,OTA/brand matched,OTA400
رؤى جراند,Roaa Grand Hotel,المدينة المنورة,المنطقة المركزية,المنطقة المركزية / Central Zone,داخل المنطقة المركزية / Central Area,357,300,0,رسمي موثق / Official Verified,المخطط الإرشادي للمسجد النبوي ومرافقه وفنادق المنطقة المركزية,,1448هـ / 2026م,تمت مطابقة الاسم ورقم الموقع من المخطط المرفق؛ الترخيص التجاري يحتاج تحققًا مستقلاً,Standardized transliteration from official-map Arabic name,Central204
رؤى طيبة بلس,Roaa Taiba Bls Hotel,المدينة المنورة,المنطقة المركزية,المنطقة المركزية / Central Zone,داخل المنطقة المركزية / Central Area,378,300,0,رسمي موثق / Official Verified,المخطط الإرشادي للمسجد النبوي ومرافقه وفنادق المنطقة المركزية,,1448هـ / 2026م,تمت مطابقة الاسم ورقم الموقع من المخطط المرفق؛ الترخيص التجاري يحتاج تحققًا مستقلاً,Standardized transliteration from official-map Arabic name,Central204
فندق راديسون المدينة,Radisson Hotel Madinah,المدينة المنورة,العريض,,,,,,مصدر حجز — يحتاج مطابقة الترخيص / OTA sourced — licence verification required,Existing WAFD reference,,,,Radisson/industry current property name,OTA400
فندق راسيا المدينة,Rasia Hotel Madinah,المدينة المنورة,,,,,,,مصدر حجز — يحتاج مطابقة الترخيص / OTA sourced — licence verification required,Expedia Madinah all-properties directory,https://www.expedia.co.uk/All-Madinah-Hotels.d602705.Travel-Guide-City-All-Hotels,,,OTA English + standardized Arabic,OTA400
فندق ربوة الصفوة جولدن,Rabwat Al Safwa Golden Hotel,المدينة المنورة,,,,,,,مصدر حجز — يحتاج مطابقة الترخيص / OTA sourced — licence verification required,Expedia Madinah all-properties directory,https://www.expedia.co.uk/All-Madinah-Hotels.d602705.Travel-Guide-City-All-Hotels,,,OTA English + standardized Arabic,OTA400
رتاج الروضة,Retaj Al Rawda,المدينة المنورة,,,,,,,مصدر حجز — يحتاج مطابقة الترخيص / OTA sourced — licence verification required,Expedia Madinah all-properties directory,https://www.expedia.co.uk/All-Madinah-Hotels.d602705.Travel-Guide-City-All-Hotels,,,OTA English + standardized Arabic,OTA400
رحاب هارموني,Rhab Harmwny Hotel,المدينة المنورة,المنطقة المركزية,المنطقة المركزية / Central Zone,داخل المنطقة المركزية / Central Area,384,300,0,رسمي موثق / Official Verified,المخطط الإرشادي للمسجد النبوي ومرافقه وفنادق المنطقة المركزية,,1448هـ / 2026م,تمت مطابقة الاسم ورقم الموقع من المخطط المرفق؛ الترخيص التجاري يحتاج تحققًا مستقلاً,Standardized transliteration from official-map Arabic name,Central204
روابي الزهراء,Rwaby Al Zhra' Hotel,المدينة المنورة,المنطقة المركزية,المنطقة المركزية / Central Zone,داخل المنطقة المركزية / Central Area,300,300,0,رسمي موثق / Official Verified,المخطط الإرشادي للمسجد النبوي ومرافقه وفنادق المنطقة المركزية,,1448هـ / 2026م,تمت مطابقة الاسم ورقم الموقع من المخطط المرفق؛ الترخيص التجاري يحتاج تحققًا مستقلاً,Standardized transliteration from official-map Arabic name,Central204
فندق روتانا المسك,Rotana Al Mesk Hotel,المدينة المنورة,المنطقة المركزية الجنوبية,,,,,,مصدر حجز — يحتاج مطابقة الترخيص / OTA sourced — licence verification required,Existing WAFD reference,,,,OTA/brand matched,OTA400
فندق روتانا المناخة المدينة,Rotana Al Manakha Madinah,المدينة المنورة,المنطقة المركزية,,,,,,مصدر حجز — يحتاج مطابقة الترخيص / OTA sourced — licence verification required,Existing WAFD reference,,,,OTA/brand matched,OTA400
فندق روح المادينا,hotel roh almadena,المدينة المنورة,,,,,,,مصدر حجز — يحتاج مطابقة الترخيص / OTA sourced — licence verification required,Expedia Madinah all-properties directory,https://www.expedia.co.uk/All-Madinah-Hotels.d602705.Travel-Guide-City-All-Hotels,,,OTA English + standardized Arabic,OTA400
فندق روح المدينة,Rwh Madinah Hotel,المدينة المنورة,,,,,,,مصدر حجز — يحتاج مطابقة الترخيص / OTA sourced — licence verification required,Booking.com Madinah directory,https://www.booking.com/city/sa/medina.en-gb.html,,,Standardized transliteration,OTA400
روز هوليداي 1,Rwz Hwlyday 1 Hotel,المدينة المنورة,المنطقة المركزية,المنطقة المركزية / Central Zone,داخل المنطقة المركزية / Central Area,358,300,0,رسمي موثق / Official Verified,المخطط الإرشادي للمسجد النبوي ومرافقه وفنادق المنطقة المركزية,,1448هـ / 2026م,تمت مطابقة الاسم ورقم الموقع من المخطط المرفق؛ الترخيص التجاري يحتاج تحققًا مستقلاً,Standardized transliteration from official-map Arabic name,Central204
روز هوليداي 2,Rwz Hwlyday 2 Hotel,المدينة المنورة,المنطقة المركزية,المنطقة المركزية / Central Zone,داخل المنطقة المركزية / Central Area,352,300,0,رسمي موثق / Official Verified,المخطط الإرشادي للمسجد النبوي ومرافقه وفنادق المنطقة المركزية,,1448هـ / 2026م,تمت مطابقة الاسم ورقم الموقع من المخطط المرفق؛ الترخيص التجاري يحتاج تحققًا مستقلاً,Standardized transliteration from official-map Arabic name,Central204
روز هوليداي 3,Rwz Hwlyday 3 Hotel,المدينة المنورة,المنطقة المركزية,المنطقة المركزية / Central Zone,داخل المنطقة المركزية / Central Area,468,400,0,رسمي موثق / Official Verified,المخطط الإرشادي للمسجد النبوي ومرافقه وفنادق المنطقة المركزية,,1448هـ / 2026م,تمت مطابقة الاسم ورقم الموقع من المخطط المرفق؛ الترخيص التجاري يحتاج تحققًا مستقلاً,Standardized transliteration from official-map Arabic name,Central204
فندق روضة الصفوة,Rawdat Al Safwa Hotel,المدينة المنورة,المنطقة المركزية الجنوبية,,,,,,مصدر حجز — يحتاج مطابقة الترخيص / OTA sourced — licence verification required,Existing WAFD reference,,,,OTA/brand matched,OTA400
فندق روضة العقيق,Rawdat Al Aqeeq Hotel,المدينة المنورة,المنطقة المركزية الغربية,,,,,,مصدر حجز — يحتاج مطابقة الترخيص / OTA sourced — licence verification required,Existing WAFD reference,,,,OTA/brand matched,OTA400
روضة المختار,Rawdat Al Mukhtara Hotel,المدينة المنورة,المنطقة المركزية,المنطقة المركزية / Central Zone,داخل المنطقة المركزية / Central Area,380,300,0,رسمي موثق / Official Verified,المخطط الإرشادي للمسجد النبوي ومرافقه وفنادق المنطقة المركزية,,1448هـ / 2026م,تمت مطابقة الاسم ورقم الموقع من المخطط المرفق؛ الترخيص التجاري يحتاج تحققًا مستقلاً,Standardized transliteration from official-map Arabic name,Central204
فندق روضة المختارة,Rawdat Al Mukhtara Hotel,المدينة المنورة,,,,,,,مصدر حجز — يحتاج مطابقة الترخيص / OTA sourced — licence verification required,Expedia Madinah all-properties directory,https://www.expedia.co.uk/All-Madinah-Hotels.d602705.Travel-Guide-City-All-Hotels,,,OTA English + standardized Arabic,OTA400
فندق روف المدينة,Ruve Al Madinah Hotel,المدينة المنورة,المنطقة المركزية,,,,,,مصدر حجز — يحتاج مطابقة الترخيص / OTA sourced — licence verification required,Existing WAFD reference,,,,OTA/brand matched,OTA400
فندق روفان,Rovan Hotel,المدينة المنورة,,,,,,,مصدر حجز — يحتاج مطابقة الترخيص / OTA sourced — licence verification required,Expedia Madinah all-properties directory,https://www.expedia.co.uk/All-Madinah-Hotels.d602705.Travel-Guide-City-All-Hotels,,,OTA English + standardized Arabic,OTA400
رويال المدينة,Royal Madinah Hotel,المدينة المنورة,المنطقة المركزية,المنطقة المركزية / Central Zone,داخل المنطقة المركزية / Central Area,121,100,0,رسمي موثق / Official Verified,المخطط الإرشادي للمسجد النبوي ومرافقه وفنادق المنطقة المركزية,,1448هـ / 2026م,تمت مطابقة الاسم ورقم الموقع من المخطط المرفق؛ الترخيص التجاري يحتاج تحققًا مستقلاً,Standardized transliteration from official-map Arabic name,Central204
رياض الزهراء,Ryad Al Zhra' Hotel,المدينة المنورة,المنطقة المركزية,المنطقة المركزية / Central Zone,داخل المنطقة المركزية / Central Area,233,200,0,رسمي موثق / Official Verified,المخطط الإرشادي للمسجد النبوي ومرافقه وفنادق المنطقة المركزية,,1448هـ / 2026م,تمت مطابقة الاسم ورقم الموقع من المخطط المرفق؛ الترخيص التجاري يحتاج تحققًا مستقلاً,Standardized transliteration from official-map Arabic name,Central204
فندق ريجنسي فيو,Regency View Hotel,المدينة المنورة,,,,,,,مصدر حجز — يحتاج مطابقة الترخيص / OTA sourced — licence verification required,Expedia Madinah all-properties directory,https://www.expedia.co.uk/All-Madinah-Hotels.d602705.Travel-Guide-City-All-Hotels,,,OTA English + standardized Arabic,OTA400
فندق زاوية,Zawia Hotel,المدينة المنورة,,,,,,,مصدر حجز — يحتاج مطابقة الترخيص / OTA sourced — licence verification required,Expedia Madinah all-properties directory,https://www.expedia.co.uk/All-Madinah-Hotels.d602705.Travel-Guide-City-All-Hotels,,,OTA English + standardized Arabic,OTA400
فندق زها المدينة,Zaha Al Madina Hotel,المدينة المنورة,خارج المنطقة المركزية,,,,,,مصدر حجز — يحتاج مطابقة الترخيص / OTA sourced — licence verification required,Existing WAFD reference,,,,OTA/brand matched,OTA400
فندق زها المنورة,Zaha Al Munawara Hotel,المدينة المنورة,,,,,,,مصدر حجز — يحتاج مطابقة الترخيص / OTA sourced — licence verification required,Expedia Madinah all-properties directory,https://www.expedia.co.uk/All-Madinah-Hotels.d602705.Travel-Guide-City-All-Hotels,,,OTA English + standardized Arabic,OTA400
فندق زها طيبة,Zaha Taiba Hotel,المدينة المنورة,,,,,,,مصدر حجز — يحتاج مطابقة الترخيص / OTA sourced — licence verification required,Expedia Madinah all-properties directory,https://www.expedia.co.uk/All-Madinah-Hotels.d602705.Travel-Guide-City-All-Hotels,,,OTA English + standardized Arabic,OTA400
فندق زوار الالامي,Zowar Alalami Hotel,المدينة المنورة,,,,,,,مصدر حجز — يحتاج مطابقة الترخيص / OTA sourced — licence verification required,Expedia Madinah all-properties directory,https://www.expedia.co.uk/All-Madinah-Hotels.d602705.Travel-Guide-City-All-Hotels,,,OTA English + standardized Arabic,OTA400
فندق زوار إنترناشيونال,Zowar International Hotel,المدينة المنورة,المنطقة المركزية الشمالية,,,,,,مصدر حجز — يحتاج مطابقة الترخيص / OTA sourced — licence verification required,Existing WAFD reference,,,,OTA/brand matched,OTA400
فندق ساس دارك,SAS Dark Hotel,المدينة المنورة,القصواء,,,,,,مصدر حجز — يحتاج مطابقة الترخيص / OTA sourced — licence verification required,Existing WAFD reference,,,,OTA/brand matched,OTA400
فندق ساس رتل,SAS RTL Hotel,المدينة المنورة,شظاة,,,,,,مصدر حجز — يحتاج مطابقة الترخيص / OTA sourced — licence verification required,Existing WAFD reference,,,,OTA/brand matched,OTA400
فندق سبال,Sebal Hotel,المدينة المنورة,,,,,,,مصدر حجز — يحتاج مطابقة الترخيص / OTA sourced — licence verification required,Expedia Madinah all-properties directory,https://www.expedia.co.uk/All-Madinah-Hotels.d602705.Travel-Guide-City-All-Hotels,,,OTA English + standardized Arabic,OTA400
سبال الماسي,Sbal Almasi Hotel,المدينة المنورة,المنطقة المركزية,المنطقة المركزية / Central Zone,داخل المنطقة المركزية / Central Area,409,400,0,رسمي موثق / Official Verified,المخطط الإرشادي للمسجد النبوي ومرافقه وفنادق المنطقة المركزية,,1448هـ / 2026م,تمت مطابقة الاسم ورقم الموقع من المخطط المرفق؛ الترخيص التجاري يحتاج تحققًا مستقلاً,Standardized transliteration from official-map Arabic name,Central204
سبال بلس,Sebal Plus,المدينة المنورة,,,,,,,مصدر حجز — يحتاج مطابقة الترخيص / OTA sourced — licence verification required,Expedia Madinah all-properties directory,https://www.expedia.co.uk/All-Madinah-Hotels.d602705.Travel-Guide-City-All-Hotels,,,OTA English + standardized Arabic,OTA400
فندق سبالماسي,sebal almasi hotel,المدينة المنورة,,,,,,,مصدر حجز — يحتاج مطابقة الترخيص / OTA sourced — licence verification required,Expedia Madinah all-properties directory,https://www.expedia.co.uk/All-Madinah-Hotels.d602705.Travel-Guide-City-All-Hotels,,,OTA English + standardized Arabic,OTA400
فندق سجى المدينة,Saja Al Madinah Hotel,المدينة المنورة,المنطقة المركزية الغربية,,,,,,مصدر حجز — يحتاج مطابقة الترخيص / OTA sourced — licence verification required,Existing WAFD reference,,,,OTA/brand matched,OTA400
فندق سجى باي وارويك المدينة,SAJA By Warwick Madinah Hotel,المدينة المنورة,,,,,,,مصدر حجز — يحتاج مطابقة الترخيص / OTA sourced — licence verification required,Booking.com Madinah directory,https://www.booking.com/city/sa/medina.en-gb.html,,,OTA English + standardized Arabic,OTA400
فندق سدرة العالمي المدينة,"Sedra Al Aalami Hotel, Madinah",المدينة المنورة,,,,,,,مصدر حجز — يحتاج مطابقة الترخيص / OTA sourced — licence verification required,Expedia Madinah all-properties directory,https://www.expedia.co.uk/All-Madinah-Hotels.d602705.Travel-Guide-City-All-Hotels,,,OTA English + standardized Arabic,OTA400
سدرة المدينة,Sdra Madinah Hotel,المدينة المنورة,المنطقة المركزية,المنطقة المركزية / Central Zone,داخل المنطقة المركزية / Central Area,326,300,0,رسمي موثق / Official Verified,المخطط الإرشادي للمسجد النبوي ومرافقه وفنادق المنطقة المركزية,,1448هـ / 2026م,تمت مطابقة الاسم ورقم الموقع من المخطط المرفق؛ الترخيص التجاري يحتاج تحققًا مستقلاً,Standardized transliteration from official-map Arabic name,Central204
فندق سدو بوتيك المدينة,Hotel SDU Boutique Al Madinah,المدينة المنورة,,,,,,,مصدر حجز — يحتاج مطابقة الترخيص / OTA sourced — licence verification required,Expedia Madinah all-properties directory,https://www.expedia.co.uk/All-Madinah-Hotels.d602705.Travel-Guide-City-All-Hotels,,,OTA English + standardized Arabic,OTA400
سرابا هارموني A,A,المدينة المنورة,المنطقة المركزية,المنطقة المركزية / Central Zone,داخل المنطقة المركزية / Central Area,452,400,0,رسمي موثق / Official Verified,المخطط الإرشادي للمسجد النبوي ومرافقه وفنادق المنطقة المركزية,,1448هـ / 2026م,تمت مطابقة الاسم ورقم الموقع من المخطط المرفق؛ الترخيص التجاري يحتاج تحققًا مستقلاً,Standardized transliteration from official-map Arabic name,Central204
سرابا هارموني B,B,المدينة المنورة,المنطقة المركزية,المنطقة المركزية / Central Zone,داخل المنطقة المركزية / Central Area,454,400,0,رسمي موثق / Official Verified,المخطط الإرشادي للمسجد النبوي ومرافقه وفنادق المنطقة المركزية,,1448هـ / 2026م,تمت مطابقة الاسم ورقم الموقع من المخطط المرفق؛ الترخيص التجاري يحتاج تحققًا مستقلاً,Standardized transliteration from official-map Arabic name,Central204
سرابا هارموني C,C,المدينة المنورة,المنطقة المركزية,المنطقة المركزية / Central Zone,داخل المنطقة المركزية / Central Area,455,400,0,رسمي موثق / Official Verified,المخطط الإرشادي للمسجد النبوي ومرافقه وفنادق المنطقة المركزية,,1448هـ / 2026م,تمت مطابقة الاسم ورقم الموقع من المخطط المرفق؛ الترخيص التجاري يحتاج تحققًا مستقلاً,Standardized transliteration from official-map Arabic name,Central204
فندق سرايا طابة,Saraya Taba Hotel,المدينة المنورة,المنطقة المركزية,,,,,,مصدر حجز — يحتاج مطابقة الترخيص / OTA sourced — licence verification required,Existing WAFD reference,,,,OTA/brand matched,OTA400
سكاي فيو,Sky View,المدينة المنورة,المنطقة المركزية,المنطقة المركزية / Central Zone,داخل المنطقة المركزية / Central Area,453,400,0,رسمي موثق / Official Verified,المخطط الإرشادي للمسجد النبوي ومرافقه وفنادق المنطقة المركزية,,1448هـ / 2026م,تمت مطابقة الاسم ورقم الموقع من المخطط المرفق؛ الترخيص التجاري يحتاج تحققًا مستقلاً,Existing verified English name,Central204
فندق سكاي فيو المدينة,Sky View Hotel Madinah,المدينة المنورة,,,,,,,مصدر حجز — يحتاج مطابقة الترخيص / OTA sourced — licence verification required,Expedia Madinah all-properties directory,https://www.expedia.co.uk/All-Madinah-Hotels.d602705.Travel-Guide-City-All-Hotels,,,OTA English + standardized Arabic,OTA400
فندق سكون,Sukoon Hotel,المدينة المنورة,العريض,,,,,,مصدر حجز — يحتاج مطابقة الترخيص / OTA sourced — licence verification required,Existing WAFD reference,,,,OTA/brand matched,OTA400
سلام قباء,Quba Peace,المدينة المنورة,,,,,,,مصدر حجز — يحتاج مطابقة الترخيص / OTA sourced — licence verification required,Booking.com Madinah directory,https://www.booking.com/city/sa/medina.en-gb.html,,,Bilingual source row,OTA400
فندق سلسبيل الذهبي,Salsbil alzahbi hotel,المدينة المنورة,,,,,,,مصدر حجز — يحتاج مطابقة الترخيص / OTA sourced — licence verification required,Expedia Madinah all-properties directory,https://www.expedia.co.uk/All-Madinah-Hotels.d602705.Travel-Guide-City-All-Hotels,,,OTA English + standardized Arabic,OTA400
فندق سلسبيل الماسي,SALSBIL AL ALMASI HOTEL,المدينة المنورة,,,,,,,مصدر حجز — يحتاج مطابقة الترخيص / OTA sourced — licence verification required,Expedia Madinah all-properties directory,https://www.expedia.co.uk/All-Madinah-Hotels.d602705.Travel-Guide-City-All-Hotels,,,OTA English + standardized Arabic,OTA400
سما الخير,Sama Al Khair,المدينة المنورة,,,,,,,مصدر حجز — يحتاج مطابقة الترخيص / OTA sourced — licence verification required,Expedia Madinah all-properties directory,https://www.expedia.co.uk/All-Madinah-Hotels.d602705.Travel-Guide-City-All-Hotels,,,OTA English + standardized Arabic,OTA400
سما الذهبي,Sma Golden Hotel,المدينة المنورة,المنطقة المركزية,المنطقة المركزية / Central Zone,داخل المنطقة المركزية / Central Area,351,300,0,رسمي موثق / Official Verified,المخطط الإرشادي للمسجد النبوي ومرافقه وفنادق المنطقة المركزية,,1448هـ / 2026م,تمت مطابقة الاسم ورقم الموقع من المخطط المرفق؛ الترخيص التجاري يحتاج تحققًا مستقلاً,Standardized transliteration from official-map Arabic name,Central204
فندق سما المادينا,Sama AlMadina Hotel,المدينة المنورة,,,,,,,مصدر حجز — يحتاج مطابقة الترخيص / OTA sourced — licence verification required,Expedia Madinah all-properties directory,https://www.expedia.co.uk/All-Madinah-Hotels.d602705.Travel-Guide-City-All-Hotels,,,OTA English + standardized Arabic,OTA400
سما الماسي,Sma Almasi Hotel,المدينة المنورة,المنطقة المركزية,المنطقة المركزية / Central Zone,داخل المنطقة المركزية / Central Area,362,300,0,رسمي موثق / Official Verified,المخطط الإرشادي للمسجد النبوي ومرافقه وفنادق المنطقة المركزية,,1448هـ / 2026م,تمت مطابقة الاسم ورقم الموقع من المخطط المرفق؛ الترخيص التجاري يحتاج تحققًا مستقلاً,Standardized transliteration from official-map Arabic name,Central204
سنابل المدينة,Snabl Madinah Hotel,المدينة المنورة,المنطقة المركزية,المنطقة المركزية / Central Zone,داخل المنطقة المركزية / Central Area,117,100,0,رسمي موثق / Official Verified,المخطط الإرشادي للمسجد النبوي ومرافقه وفنادق المنطقة المركزية,,1448هـ / 2026م,تمت مطابقة الاسم ورقم الموقع من المخطط المرفق؛ الترخيص التجاري يحتاج تحققًا مستقلاً,Standardized transliteration from official-map Arabic name,Central204
سوار الذهب للشقق المخدومه,Swar Al Dhhb Llshqq Al Mkhdwmh Hotel,المدينة المنورة,,,,,,,مصدر حجز — يحتاج مطابقة الترخيص / OTA sourced — licence verification required,Expedia Madinah all-properties directory,https://www.expedia.co.uk/All-Madinah-Hotels.d602705.Travel-Guide-City-All-Hotels,,,Standardized transliteration,OTA400
فندق سوفيتيل شهد المدينة,Sofitel Shahd Al Madinah,المدينة المنورة,المنطقة المركزية الشمالية,,,,,,مصدر حجز — يحتاج مطابقة الترخيص / OTA sourced — licence verification required,Existing WAFD reference,,,,OTA/brand matched,OTA400
سويس إنترناشيونال طيبة,Swys International Taiba Hotel,المدينة المنورة,المنطقة المركزية,المنطقة المركزية / Central Zone,داخل المنطقة المركزية / Central Area,232,200,0,رسمي موثق / Official Verified,المخطط الإرشادي للمسجد النبوي ومرافقه وفنادق المنطقة المركزية,,1448هـ / 2026م,تمت مطابقة الاسم ورقم الموقع من المخطط المرفق؛ الترخيص التجاري يحتاج تحققًا مستقلاً,Standardized transliteration from official-map Arabic name,Central204
فندق سيجنتشر جيست المدينة,Signature Guest Hotel Al Madinah,المدينة المنورة,خارج المنطقة المركزية,,,,,,مصدر حجز — يحتاج مطابقة الترخيص / OTA sourced — licence verification required,Existing WAFD reference,,,,OTA/brand matched,OTA400
فندق سيدراثول االييا,Sidrathul Aaliya Hotel,المدينة المنورة,,,,,,,مصدر حجز — يحتاج مطابقة الترخيص / OTA sourced — licence verification required,Expedia Madinah all-properties directory,https://www.expedia.co.uk/All-Madinah-Hotels.d602705.Travel-Guide-City-All-Hotels,,,OTA English + standardized Arabic,OTA400
فندق سيزون ستار,Season Star Hotel,المدينة المنورة,,,,,,,مصدر حجز — يحتاج مطابقة الترخيص / OTA sourced — licence verification required,Expedia Madinah all-properties directory,https://www.expedia.co.uk/All-Madinah-Hotels.d602705.Travel-Guide-City-All-Hotels,,,OTA English + standardized Arabic,OTA400
فندق سيلا,Sela Hotel,المدينة المنورة,,,,,,,مصدر حجز — يحتاج مطابقة الترخيص / OTA sourced — licence verification required,Expedia Madinah all-properties directory,https://www.expedia.co.uk/All-Madinah-Hotels.d602705.Travel-Guide-City-All-Hotels,,,OTA English + standardized Arabic,OTA400
فندق شذا الضيافة,Shaza Al Diyafa Hotel,المدينة المنورة,العريض,,,,,,مصدر حجز — يحتاج مطابقة الترخيص / OTA sourced — licence verification required,Existing WAFD reference,,,,OTA/brand matched,OTA400
فندق شذا المدينة,Shaza Al Madina,المدينة المنورة,المنطقة المركزية الشمالية,,,,,,مصدر حجز — يحتاج مطابقة الترخيص / OTA sourced — licence verification required,Existing WAFD reference,,,,OTA/brand matched,OTA400
شذا ريجنسي بلازا المدينة,Shaza Regency Plaza Al Madinah,المدينة المنورة,,,,,,,مصدر حجز — يحتاج مطابقة الترخيص / OTA sourced — licence verification required,Expedia Madinah all-properties directory,https://www.expedia.co.uk/All-Madinah-Hotels.d602705.Travel-Guide-City-All-Hotels,,,Booking.com current property name,OTA400
شقق ازار السلام,Azar Al Salam Apartments,المدينة المنورة,,,,,,,مصدر حجز — يحتاج مطابقة الترخيص / OTA sourced — licence verification required,Expedia Madinah all-properties directory,https://www.expedia.co.uk/All-Madinah-Hotels.d602705.Travel-Guide-City-All-Hotels,,,OTA English + standardized Arabic,OTA400
شقق بارك بلس سيرفيد,Park Plus Served Apartments,المدينة المنورة,,,,,,,مصدر حجز — يحتاج مطابقة الترخيص / OTA sourced — licence verification required,Booking.com Madinah directory,https://www.booking.com/city/sa/medina.en-gb.html,,,OTA English + standardized Arabic,OTA400
شقق جلامور طابة,Glamour Tabba Apartments,المدينة المنورة,,,,,,,مصدر حجز — يحتاج مطابقة الترخيص / OTA sourced — licence verification required,Expedia Madinah all-properties directory,https://www.expedia.co.uk/All-Madinah-Hotels.d602705.Travel-Guide-City-All-Hotels,,,OTA English + standardized Arabic,OTA400
شقق فاتوران لاكجري,Vatoran Luxury Apartments,المدينة المنورة,,,,,,,مصدر حجز — يحتاج مطابقة الترخيص / OTA sourced — licence verification required,Expedia Madinah all-properties directory,https://www.expedia.co.uk/All-Madinah-Hotels.d602705.Travel-Guide-City-All-Hotels,,,OTA English + standardized Arabic,OTA400
شقق قباء,Quba View,المدينة المنورة,,,,,,,مصدر حجز — يحتاج مطابقة الترخيص / OTA sourced — licence verification required,Booking.com Madinah directory,https://www.booking.com/city/sa/medina.en-gb.html,,,Bilingual source row,OTA400
شقق مخدومة أكنان المنورة,Aknan Al Munawarah Serviced Apartments,المدينة المنورة,,,,,,,مصدر حجز — يحتاج مطابقة الترخيص / OTA sourced — licence verification required,Expedia Madinah all-properties directory,https://www.expedia.co.uk/All-Madinah-Hotels.d602705.Travel-Guide-City-All-Hotels,,,OTA English + standardized Arabic,OTA400
شقق مخدومة الفاخاما الماسيا,alfakhama almasia Serviced Apartments,المدينة المنورة,,,,,,,مصدر حجز — يحتاج مطابقة الترخيص / OTA sourced — licence verification required,Booking.com Madinah directory,https://www.booking.com/city/sa/medina.en-gb.html,,,OTA English + standardized Arabic,OTA400
شقق مخدومة إليجانت,ELEGANT SERVICED APARTMENTS,المدينة المنورة,,,,,,,مصدر حجز — يحتاج مطابقة الترخيص / OTA sourced — licence verification required,Booking.com Madinah directory,https://www.booking.com/city/sa/medina.en-gb.html,,,OTA English + standardized Arabic,OTA400
شقق مخدومة أنيس النفوس,Anis Al Nafoos Serviced Apartments,المدينة المنورة,,,,,,,مصدر حجز — يحتاج مطابقة الترخيص / OTA sourced — licence verification required,Expedia Madinah all-properties directory,https://www.expedia.co.uk/All-Madinah-Hotels.d602705.Travel-Guide-City-All-Hotels,,,OTA English + standardized Arabic,OTA400
شقق مخدومة بارك المدينة,Park Al Madinah Serviced Apartments,المدينة المنورة,,,,,,,مصدر حجز — يحتاج مطابقة الترخيص / OTA sourced — licence verification required,Booking.com Madinah directory,https://www.booking.com/city/sa/medina.en-gb.html,,,OTA English + standardized Arabic,OTA400
شقق مخدومة درة العزيزية,Durrat Al Aziziyah Serviced Apartments,المدينة المنورة,,,,,,,مصدر حجز — يحتاج مطابقة الترخيص / OTA sourced — licence verification required,Expedia Madinah all-properties directory,https://www.expedia.co.uk/All-Madinah-Hotels.d602705.Travel-Guide-City-All-Hotels,,,OTA English + standardized Arabic,OTA400
شقق مخدومة ديار الساليهين,Diyar AlSaliheen Serviced Apartments,المدينة المنورة,,,,,,,مصدر حجز — يحتاج مطابقة الترخيص / OTA sourced — licence verification required,Booking.com Madinah directory,https://www.booking.com/city/sa/medina.en-gb.html,,,OTA English + standardized Arabic,OTA400
شقق مخدومة ريف الشارك,Reef Alsharq Serviced Apartments,المدينة المنورة,,,,,,,مصدر حجز — يحتاج مطابقة الترخيص / OTA sourced — licence verification required,Expedia Madinah all-properties directory,https://www.expedia.co.uk/All-Madinah-Hotels.d602705.Travel-Guide-City-All-Hotels,,,OTA English + standardized Arabic,OTA400
شقق مخدومة سنابل المدينة,Sanabel Al Madina Serviced Apartments,المدينة المنورة,,,,,,,مصدر حجز — يحتاج مطابقة الترخيص / OTA sourced — licence verification required,Expedia Madinah all-properties directory,https://www.expedia.co.uk/All-Madinah-Hotels.d602705.Travel-Guide-City-All-Hotels,,,OTA English + standardized Arabic,OTA400
شقق مخدومة لمار طيبة,Lamar Taiba Serviced Apartment,المدينة المنورة,,,,,,,مصدر حجز — يحتاج مطابقة الترخيص / OTA sourced — licence verification required,Expedia Madinah all-properties directory,https://www.expedia.co.uk/All-Madinah-Hotels.d602705.Travel-Guide-City-All-Hotels,,,OTA English + standardized Arabic,OTA400
شقق مخدومة لوما,Luma Serviced Apartments,المدينة المنورة,,,,,,,مصدر حجز — يحتاج مطابقة الترخيص / OTA sourced — licence verification required,Expedia Madinah all-properties directory,https://www.expedia.co.uk/All-Madinah-Hotels.d602705.Travel-Guide-City-All-Hotels,,,OTA English + standardized Arabic,OTA400
شقق مخدومة منازل ماريز فور,Manazel Marez for serviced apartments,المدينة المنورة,,,,,,,مصدر حجز — يحتاج مطابقة الترخيص / OTA sourced — licence verification required,Booking.com Madinah directory,https://www.booking.com/city/sa/medina.en-gb.html,,,OTA English + standardized Arabic,OTA400
شقق مي هوم 2,My Home 2 Apartments,المدينة المنورة,,,,,,,مصدر حجز — يحتاج مطابقة الترخيص / OTA sourced — licence verification required,Expedia Madinah all-properties directory,https://www.expedia.co.uk/All-Madinah-Hotels.d602705.Travel-Guide-City-All-Hotels,,,OTA English + standardized Arabic,OTA400
شقق هوني و رومس,Honey Apartments And Rooms,المدينة المنورة,,,,,,,مصدر حجز — يحتاج مطابقة الترخيص / OTA sourced — licence verification required,Expedia Madinah all-properties directory,https://www.expedia.co.uk/All-Madinah-Hotels.d602705.Travel-Guide-City-All-Hotels,,,OTA English + standardized Arabic,OTA400
شقق واهات المدينة,Wahat Al Madinah Hotel Apartments,المدينة المنورة,,,,,,,مصدر حجز — يحتاج مطابقة الترخيص / OTA sourced — licence verification required,Expedia Madinah all-properties directory,https://www.expedia.co.uk/All-Madinah-Hotels.d602705.Travel-Guide-City-All-Hotels,,,OTA English + standardized Arabic,OTA400
شقق ين طيبة,In Taiba Apartment,المدينة المنورة,,,,,,,مصدر حجز — يحتاج مطابقة الترخيص / OTA sourced — licence verification required,Expedia Madinah all-properties directory,https://www.expedia.co.uk/All-Madinah-Hotels.d602705.Travel-Guide-City-All-Hotels,,,OTA English + standardized Arabic,OTA400
شورستاي باي بست ويسترن المدينة,Surestay By Best Western Madinah,المدينة المنورة,,,,,,,مصدر حجز — يحتاج مطابقة الترخيص / OTA sourced — licence verification required,Expedia Madinah all-properties directory,https://www.expedia.co.uk/All-Madinah-Hotels.d602705.Travel-Guide-City-All-Hotels,,,OTA English + standardized Arabic,OTA400
شيرادون,Shyradwn Hotel,المدينة المنورة,المنطقة المركزية,المنطقة المركزية / Central Zone,داخل المنطقة المركزية / Central Area,140,100,0,رسمي موثق / Official Verified,المخطط الإرشادي للمسجد النبوي ومرافقه وفنادق المنطقة المركزية,,1448هـ / 2026م,تمت مطابقة الاسم ورقم الموقع من المخطط المرفق؛ الترخيص التجاري يحتاج تحققًا مستقلاً,Standardized transliteration from official-map Arabic name,Central204
صفوة المدينة,Sfwa Madinah Hotel,المدينة المنورة,المنطقة المركزية,المنطقة المركزية / Central Zone,داخل المنطقة المركزية / Central Area,119,100,0,رسمي موثق / Official Verified,المخطط الإرشادي للمسجد النبوي ومرافقه وفنادق المنطقة المركزية,,1448هـ / 2026م,تمت مطابقة الاسم ورقم الموقع من المخطط المرفق؛ الترخيص التجاري يحتاج تحققًا مستقلاً,Standardized transliteration from official-map Arabic name,Central204
فندق ضيافة المختارة,Diyafa Al Mukhtara Hotel,المدينة المنورة,,,,,,,مصدر حجز — يحتاج مطابقة الترخيص / OTA sourced — licence verification required,Expedia Madinah all-properties directory,https://www.expedia.co.uk/All-Madinah-Hotels.d602705.Travel-Guide-City-All-Hotels,,,OTA English + standardized Arabic,OTA400
فندق طابة السلام,Hotel Taba Al Salam,المدينة المنورة,,,,,,,مصدر حجز — يحتاج مطابقة الترخيص / OTA sourced — licence verification required,Expedia Madinah all-properties directory,https://www.expedia.co.uk/All-Madinah-Hotels.d602705.Travel-Guide-City-All-Hotels,,,OTA English + standardized Arabic,OTA400
فندق طيبة روز,Taiba Rose Hotel,المدينة المنورة,المنطقة المركزية,,,,,,مصدر حجز — يحتاج مطابقة الترخيص / OTA sourced — licence verification required,Existing WAFD reference,,,,OTA/brand matched,OTA400
فندق طيبة فرونت,Taiba Front Hotel,المدينة المنورة,المنطقة المركزية الشمالية,,,,,,مصدر حجز — يحتاج مطابقة الترخيص / OTA sourced — licence verification required,Existing WAFD reference,,,,OTA/brand matched,OTA400
فندق طيبة فيو,Taiba View Hotel,المدينة المنورة,العريض,,,,,,مصدر حجز — يحتاج مطابقة الترخيص / OTA sourced — licence verification required,Existing WAFD reference,,,,OTA/brand matched,OTA400
فندق عمرية,Amriya Hotel,المدينة المنورة,,,,,,,مصدر حجز — يحتاج مطابقة الترخيص / OTA sourced — licence verification required,Expedia Madinah all-properties directory,https://www.expedia.co.uk/All-Madinah-Hotels.d602705.Travel-Guide-City-All-Hotels,,,OTA English + standardized Arabic,OTA400
فندق عنتر الذهبي,Anter Elzahaby Hotel,المدينة المنورة,,,,,,,مصدر حجز — يحتاج مطابقة الترخيص / OTA sourced — licence verification required,Expedia Madinah all-properties directory,https://www.expedia.co.uk/All-Madinah-Hotels.d602705.Travel-Guide-City-All-Hotels,,,OTA English + standardized Arabic,OTA400
فندق غ,GH HOTEL,المدينة المنورة,,,,,,,مصدر حجز — يحتاج مطابقة الترخيص / OTA sourced — licence verification required,Expedia Madinah all-properties directory,https://www.expedia.co.uk/All-Madinah-Hotels.d602705.Travel-Guide-City-All-Hotels,,,OTA English + standardized Arabic,OTA400
فندق فاتوران,Vatoran Hotel,المدينة المنورة,,,,,,,مصدر حجز — يحتاج مطابقة الترخيص / OTA sourced — licence verification required,Expedia Madinah all-properties directory,https://www.expedia.co.uk/All-Madinah-Hotels.d602705.Travel-Guide-City-All-Hotels,,,OTA English + standardized Arabic,OTA400
فندق فاتوران 2,Vatoran Hotel 2,المدينة المنورة,,,,,,,مصدر حجز — يحتاج مطابقة الترخيص / OTA sourced — licence verification required,Expedia Madinah all-properties directory,https://www.expedia.co.uk/All-Madinah-Hotels.d602705.Travel-Guide-City-All-Hotels,,,OTA English + standardized Arabic,OTA400
فندق فالِي المدينة,VALY Al-Madinah Hotel,المدينة المنورة,المنطقة المركزية الجنوبية,,,,,,مصدر حجز — يحتاج مطابقة الترخيص / OTA sourced — licence verification required,Existing WAFD reference,,,,OTA/brand matched,OTA400
فندق فرج المدينة,Faraj Al Madina Hotel,المدينة المنورة,,,,,,,مصدر حجز — يحتاج مطابقة الترخيص / OTA sourced — licence verification required,Expedia Madinah all-properties directory,https://www.expedia.co.uk/All-Madinah-Hotels.d602705.Travel-Guide-City-All-Hotels,,,OTA English + standardized Arabic,OTA400
فرسان الغد,Fursan Al Ghad,المدينة المنورة,,,,,,,مصدر حجز — يحتاج مطابقة الترخيص / OTA sourced — licence verification required,Expedia Madinah all-properties directory,https://www.expedia.co.uk/All-Madinah-Hotels.d602705.Travel-Guide-City-All-Hotels,,,OTA English + standardized Arabic,OTA400
فندق فرونتيل الحارثية,Frontel Al Harithia Hotel,المدينة المنورة,المنطقة المركزية الشمالية,,,,,,مصدر حجز — يحتاج مطابقة الترخيص / OTA sourced — licence verification required,Existing WAFD reference,,,,OTA/brand matched,OTA400
فرونتيل الحارثية يكس ماجليس جراند,Frontel Al Harithia EX Majlis Grand,المدينة المنورة,,,,,,,مصدر حجز — يحتاج مطابقة الترخيص / OTA sourced — licence verification required,Expedia Madinah all-properties directory,https://www.expedia.co.uk/All-Madinah-Hotels.d602705.Travel-Guide-City-All-Hotels,,,OTA English + standardized Arabic,OTA400
فندق فليفر,Flavor Hotel,المدينة المنورة,,,,,,,مصدر حجز — يحتاج مطابقة الترخيص / OTA sourced — licence verification required,Expedia Madinah all-properties directory,https://www.expedia.co.uk/All-Madinah-Hotels.d602705.Travel-Guide-City-All-Hotels,,,OTA English + standardized Arabic,OTA400
فندق فينيو الحارثية,The Venue Al Harithia Hotel,المدينة المنورة,المنطقة المركزية الشمالية,,,,,,مصدر حجز — يحتاج مطابقة الترخيص / OTA sourced — licence verification required,Existing WAFD reference,,,,OTA/brand matched,OTA400
فندق فيو المدينة,View Al Madinah Hotel,المدينة المنورة,المنطقة المركزية الجنوبية,,,,,,مصدر حجز — يحتاج مطابقة الترخيص / OTA sourced — licence verification required,Existing WAFD reference,,,,OTA/brand matched,OTA400
فندق قباء العزيزية,Quba Al Aziziyah Hotel,المدينة المنورة,قباء,,,,,,مصدر حجز — يحتاج مطابقة الترخيص / OTA sourced — licence verification required,Existing WAFD reference,,,,OTA/brand matched,OTA400
قباء الماجدية,Quba Al Majidiah,المدينة المنورة,,,,,,,مصدر حجز — يحتاج مطابقة الترخيص / OTA sourced — licence verification required,Booking.com Madinah directory,https://www.booking.com/city/sa/medina.en-gb.html,,,Bilingual source row,OTA400
قباء لاكجري,Quba luxury,المدينة المنورة,,,,,,,مصدر حجز — يحتاج مطابقة الترخيص / OTA sourced — licence verification required,Booking.com Madinah directory,https://www.booking.com/city/sa/medina.en-gb.html,,,OTA English + standardized Arabic,OTA400
فندق قربان المدينة,Qurban Al Madina Hotel,المدينة المنورة,,,,,,,مصدر حجز — يحتاج مطابقة الترخيص / OTA sourced — licence verification required,Booking.com Madinah directory,https://www.booking.com/city/sa/medina.en-gb.html,,,OTA English + standardized Arabic,OTA400
فندق قصر الاندلس الذهبي,Alandalus Golden Palace Hotel,المدينة المنورة,,,,,,,مصدر حجز — يحتاج مطابقة الترخيص / OTA sourced — licence verification required,Booking.com Madinah directory,https://www.booking.com/city/sa/medina.en-gb.html,,,Bilingual source row,OTA400
فندق قصونا لباسيكا,GOSONA LBASIKA HOTEL,المدينة المنورة,,,,,,,مصدر حجز — يحتاج مطابقة الترخيص / OTA sourced — licence verification required,Expedia Madinah all-properties directory,https://www.expedia.co.uk/All-Madinah-Hotels.d602705.Travel-Guide-City-All-Hotels,,,OTA English + standardized Arabic,OTA400
كاسيل,Castle Hotel,المدينة المنورة,المنطقة المركزية,المنطقة المركزية / Central Zone,داخل المنطقة المركزية / Central Area,403,400,0,رسمي موثق / Official Verified,المخطط الإرشادي للمسجد النبوي ومرافقه وفنادق المنطقة المركزية,,1448هـ / 2026م,تمت مطابقة الاسم ورقم الموقع من المخطط المرفق؛ الترخيص التجاري يحتاج تحققًا مستقلاً,Existing verified English name,Central204
فندق كراون بلازا المدينة,Crowne Plaza Madinah by IHG,المدينة المنورة,المنطقة المركزية الجنوبية,,,,,,مصدر حجز — يحتاج مطابقة الترخيص / OTA sourced — licence verification required,Existing WAFD reference,,,,OTA/brand matched,OTA400
كرم الحجار,Krm Al Hjar Hotel,المدينة المنورة,المنطقة المركزية,المنطقة المركزية / Central Zone,داخل المنطقة المركزية / Central Area,229,200,0,رسمي موثق / Official Verified,المخطط الإرشادي للمسجد النبوي ومرافقه وفنادق المنطقة المركزية,,1448هـ / 2026م,تمت مطابقة الاسم ورقم الموقع من المخطط المرفق؛ الترخيص التجاري يحتاج تحققًا مستقلاً,Standardized transliteration from official-map Arabic name,Central204
كرم الخبر,Krm Al Khbr Hotel,المدينة المنورة,المنطقة المركزية,المنطقة المركزية / Central Zone,داخل المنطقة المركزية / Central Area,368,300,0,رسمي موثق / Official Verified,المخطط الإرشادي للمسجد النبوي ومرافقه وفنادق المنطقة المركزية,,1448هـ / 2026م,تمت مطابقة الاسم ورقم الموقع من المخطط المرفق؛ الترخيص التجاري يحتاج تحققًا مستقلاً,Standardized transliteration from official-map Arabic name,Central204
فندق كرم المدينة,Hotel Karam Al Madina,المدينة المنورة,,,,,,,مصدر حجز — يحتاج مطابقة الترخيص / OTA sourced — licence verification required,Expedia Madinah all-properties directory,https://www.expedia.co.uk/All-Madinah-Hotels.d602705.Travel-Guide-City-All-Hotels,,,OTA English + standardized Arabic,OTA400
كرم إيليت,Krm Elite Hotel,المدينة المنورة,المنطقة المركزية,المنطقة المركزية / Central Zone,داخل المنطقة المركزية / Central Area,235,200,0,رسمي موثق / Official Verified,المخطط الإرشادي للمسجد النبوي ومرافقه وفنادق المنطقة المركزية,,1448هـ / 2026م,تمت مطابقة الاسم ورقم الموقع من المخطط المرفق؛ الترخيص التجاري يحتاج تحققًا مستقلاً,Standardized transliteration from official-map Arabic name,Central204
كرم طيبة,Krm Taiba Hotel,المدينة المنورة,المنطقة المركزية,المنطقة المركزية / Central Zone,داخل المنطقة المركزية / Central Area,222,200,0,رسمي موثق / Official Verified,المخطط الإرشادي للمسجد النبوي ومرافقه وفنادق المنطقة المركزية,,1448هـ / 2026م,تمت مطابقة الاسم ورقم الموقع من المخطط المرفق؛ الترخيص التجاري يحتاج تحققًا مستقلاً,Standardized transliteration from official-map Arabic name,Central204
كرم طيبة الماسي,Karam Taibah Almasi,المدينة المنورة,,,,,,,مصدر حجز — يحتاج مطابقة الترخيص / OTA sourced — licence verification required,Expedia Madinah all-properties directory,https://www.expedia.co.uk/All-Madinah-Hotels.d602705.Travel-Guide-City-All-Hotels,,,OTA English + standardized Arabic,OTA400
كون كود التنزيل,Kwn Kwd Al Tnzyl Hotel,المدينة المنورة,المنطقة المركزية,المنطقة المركزية / Central Zone,داخل المنطقة المركزية / Central Area,374,300,0,رسمي موثق / Official Verified,المخطط الإرشادي للمسجد النبوي ومرافقه وفنادق المنطقة المركزية,,1448هـ / 2026م,تمت مطابقة الاسم ورقم الموقع من المخطط المرفق؛ الترخيص التجاري يحتاج تحققًا مستقلاً,Standardized transliteration from official-map Arabic name,Central204
كيان العالمي,Kyan Al Aalmy Hotel,المدينة المنورة,المنطقة المركزية,المنطقة المركزية / Central Zone,داخل المنطقة المركزية / Central Area,124,100,0,رسمي موثق / Official Verified,المخطط الإرشادي للمسجد النبوي ومرافقه وفنادق المنطقة المركزية,,1448هـ / 2026م,تمت مطابقة الاسم ورقم الموقع من المخطط المرفق؛ الترخيص التجاري يحتاج تحققًا مستقلاً,Standardized transliteration from official-map Arabic name,Central204
كيان الماسي,Kyan Almasi Hotel,المدينة المنورة,المنطقة المركزية,المنطقة المركزية / Central Zone,داخل المنطقة المركزية / Central Area,305,300,0,رسمي موثق / Official Verified,المخطط الإرشادي للمسجد النبوي ومرافقه وفنادق المنطقة المركزية,,1448هـ / 2026م,تمت مطابقة الاسم ورقم الموقع من المخطط المرفق؛ الترخيص التجاري يحتاج تحققًا مستقلاً,Standardized transliteration from official-map Arabic name,Central204
كيان المدينة,Kyan Madinah Hotel,المدينة المنورة,المنطقة المركزية,المنطقة المركزية / Central Zone,داخل المنطقة المركزية / Central Area,344,300,0,رسمي موثق / Official Verified,المخطط الإرشادي للمسجد النبوي ومرافقه وفنادق المنطقة المركزية,,1448هـ / 2026م,تمت مطابقة الاسم ورقم الموقع من المخطط المرفق؛ الترخيص التجاري يحتاج تحققًا مستقلاً,Standardized transliteration from official-map Arabic name,Central204
فندق لفيف الخالدية,Lafif Hotel Al-Khaldya,المدينة المنورة,,,,,,,مصدر حجز — يحتاج مطابقة الترخيص / OTA sourced — licence verification required,Expedia Madinah all-properties directory,https://www.expedia.co.uk/All-Madinah-Hotels.d602705.Travel-Guide-City-All-Hotels,,,OTA English + standardized Arabic,OTA400
فندق لوميـان,Lumian Hotel,المدينة المنورة,,,,,,,مصدر حجز — يحتاج مطابقة الترخيص / OTA sourced — licence verification required,Expedia Madinah all-properties directory,https://www.expedia.co.uk/All-Madinah-Hotels.d602705.Travel-Guide-City-All-Hotels,,,OTA English + standardized Arabic,OTA400
فندق لو ميريديان المدينة,Le Méridien Medina,المدينة المنورة,الخالدية,,,,,,مصدر حجز — يحتاج مطابقة الترخيص / OTA sourced — licence verification required,Existing WAFD reference,,,,OTA/brand matched,OTA400
ليشال,LECHAL,المدينة المنورة,,,,,,,مصدر حجز — يحتاج مطابقة الترخيص / OTA sourced — licence verification required,Expedia Madinah all-properties directory,https://www.expedia.co.uk/All-Madinah-Hotels.d602705.Travel-Guide-City-All-Hotels,,,OTA English + standardized Arabic,OTA400
فندق مادن,MADEN Hotel,المدينة المنورة,المنطقة المركزية الشمالية,,,,,,مصدر حجز — يحتاج مطابقة الترخيص / OTA sourced — licence verification required,Existing WAFD reference,,,,Booking.com current property name,OTA400
فندق مادن,MADEN Hotel,المدينة المنورة,,,,,,,مصدر حجز — يحتاج مطابقة الترخيص / OTA sourced — licence verification required,Expedia Madinah all-properties directory,https://www.expedia.co.uk/All-Madinah-Hotels.d602705.Travel-Guide-City-All-Hotels,,,Booking.com current property name,OTA400
مادن الروضة,Maden AlRawda,المدينة المنورة,,,,,,,مصدر حجز — يحتاج مطابقة الترخيص / OTA sourced — licence verification required,Expedia Madinah all-properties directory,https://www.expedia.co.uk/All-Madinah-Hotels.d602705.Travel-Guide-City-All-Hotels,,,Bilingual source row,OTA400
فندق مادن طيبة,Maden Taibah Hotel,المدينة المنورة,,,,,,,مصدر حجز — يحتاج مطابقة الترخيص / OTA sourced — licence verification required,Expedia Madinah all-properties directory,https://www.expedia.co.uk/All-Madinah-Hotels.d602705.Travel-Guide-City-All-Hotels,,,OTA English + standardized Arabic,OTA400
فندق ماريوت المدينة,Madinah Marriott Hotel,المدينة المنورة,قرب المنطقة المركزية,,,,,,مصدر حجز — يحتاج مطابقة الترخيص / OTA sourced — licence verification required,Existing WAFD reference,,,,OTA/brand matched,OTA400
ماسة النجوى,MASA AL NAJWA,المدينة المنورة,,,,,,,مصدر حجز — يحتاج مطابقة الترخيص / OTA sourced — licence verification required,Expedia Madinah all-properties directory,https://www.expedia.co.uk/All-Madinah-Hotels.d602705.Travel-Guide-City-All-Hotels,,,OTA English + standardized Arabic,OTA400
فندق مج كراون 1,MG Crown Hotel 1,المدينة المنورة,,,,,,,مصدر حجز — يحتاج مطابقة الترخيص / OTA sourced — licence verification required,Expedia Madinah all-properties directory,https://www.expedia.co.uk/All-Madinah-Hotels.d602705.Travel-Guide-City-All-Hotels,,,OTA English + standardized Arabic,OTA400
فندق مج كراون 2,Mg Crown Hotel 2,المدينة المنورة,,,,,,,مصدر حجز — يحتاج مطابقة الترخيص / OTA sourced — licence verification required,Expedia Madinah all-properties directory,https://www.expedia.co.uk/All-Madinah-Hotels.d602705.Travel-Guide-City-All-Hotels,,,OTA English + standardized Arabic,OTA400
فندق مج كراون 3,MG Crown Hotel 3,المدينة المنورة,,,,,,,مصدر حجز — يحتاج مطابقة الترخيص / OTA sourced — licence verification required,Expedia Madinah all-properties directory,https://www.expedia.co.uk/All-Madinah-Hotels.d602705.Travel-Guide-City-All-Hotels,,,OTA English + standardized Arabic,OTA400
فندق مج كراون 4,MG Crown Hotel 4,المدينة المنورة,,,,,,,مصدر حجز — يحتاج مطابقة الترخيص / OTA sourced — licence verification required,Expedia Madinah all-properties directory,https://www.expedia.co.uk/All-Madinah-Hotels.d602705.Travel-Guide-City-All-Hotels,,,OTA English + standardized Arabic,OTA400
مجمار,Mjmar Hotel,المدينة المنورة,المنطقة المركزية,المنطقة المركزية / Central Zone,داخل المنطقة المركزية / Central Area,303,300,0,رسمي موثق / Official Verified,المخطط الإرشادي للمسجد النبوي ومرافقه وفنادق المنطقة المركزية,,1448هـ / 2026م,تمت مطابقة الاسم ورقم الموقع من المخطط المرفق؛ الترخيص التجاري يحتاج تحققًا مستقلاً,Standardized transliteration from official-map Arabic name,Central204
مجمع الجزيرة,Mjma Al Jzyra Hotel,المدينة المنورة,المنطقة المركزية,المنطقة المركزية / Central Zone,داخل المنطقة المركزية / Central Area,475,400,0,رسمي موثق / Official Verified,المخطط الإرشادي للمسجد النبوي ومرافقه وفنادق المنطقة المركزية,,1448هـ / 2026م,تمت مطابقة الاسم ورقم الموقع من المخطط المرفق؛ الترخيص التجاري يحتاج تحققًا مستقلاً,Standardized transliteration from official-map Arabic name,Central204
مدائن البركة,Madain Al Baraka,المدينة المنورة,,,,,,,مصدر حجز — يحتاج مطابقة الترخيص / OTA sourced — licence verification required,Expedia Madinah all-properties directory,https://www.expedia.co.uk/All-Madinah-Hotels.d602705.Travel-Guide-City-All-Hotels,,,OTA English + standardized Arabic,OTA400
مراج طيبة,Mraj Taiba Hotel,المدينة المنورة,المنطقة المركزية,المنطقة المركزية / Central Zone,داخل المنطقة المركزية / Central Area,208,200,0,رسمي موثق / Official Verified,المخطط الإرشادي للمسجد النبوي ومرافقه وفنادق المنطقة المركزية,,1448هـ / 2026م,تمت مطابقة الاسم ورقم الموقع من المخطط المرفق؛ الترخيص التجاري يحتاج تحققًا مستقلاً,Standardized transliteration from official-map Arabic name,Central204
مرجان المدينة,Mrjan Madinah Hotel,المدينة المنورة,المنطقة المركزية,المنطقة المركزية / Central Zone,داخل المنطقة المركزية / Central Area,210,200,0,رسمي موثق / Official Verified,المخطط الإرشادي للمسجد النبوي ومرافقه وفنادق المنطقة المركزية,,1448هـ / 2026م,تمت مطابقة الاسم ورقم الموقع من المخطط المرفق؛ الترخيص التجاري يحتاج تحققًا مستقلاً,Standardized transliteration from official-map Arabic name,Central204
فندق مرسى القصر,Marsa Alqaser Hotel,المدينة المنورة,,,,,,,مصدر حجز — يحتاج مطابقة الترخيص / OTA sourced — licence verification required,Expedia Madinah all-properties directory,https://www.expedia.co.uk/All-Madinah-Hotels.d602705.Travel-Guide-City-All-Hotels,,,Bilingual source row,OTA400
فندق مسك البلد,Mysk Al Balad,المدينة المنورة,المنطقة المركزية الجنوبية,,,,,,مصدر حجز — يحتاج مطابقة الترخيص / OTA sourced — licence verification required,Existing WAFD reference,,,,OTA/brand matched,OTA400
معين طيبة,Mayn Taiba Hotel,المدينة المنورة,المنطقة المركزية,المنطقة المركزية / Central Zone,داخل المنطقة المركزية / Central Area,353,300,0,رسمي موثق / Official Verified,المخطط الإرشادي للمسجد النبوي ومرافقه وفنادق المنطقة المركزية,,1448هـ / 2026م,تمت مطابقة الاسم ورقم الموقع من المخطط المرفق؛ الترخيص التجاري يحتاج تحققًا مستقلاً,Standardized transliteration from official-map Arabic name,Central204
مكارم أجنحة إطلالة الحرم,Makarem Suites Itlala Al Haram,المدينة المنورة,المنطقة المركزية,المنطقة المركزية / Central Zone,داخل المنطقة المركزية / Central Area,156,100,0,رسمي موثق / Official Verified,المخطط الإرشادي للمسجد النبوي ومرافقه وفنادق المنطقة المركزية,,1448هـ / 2026م,تمت مطابقة الاسم ورقم الموقع من المخطط المرفق؛ الترخيص التجاري يحتاج تحققًا مستقلاً,Standardized transliteration from official-map Arabic name,Central204
فندق مكارم برج المدينة,Makarem Burj Al Madinah Hotel,المدينة المنورة,المنطقة المركزية,,,,,,مصدر حجز — يحتاج مطابقة الترخيص / OTA sourced — licence verification required,Existing WAFD reference,,,,OTA/brand matched,OTA400
فندق مكين,Makin Hotel,المدينة المنورة,,,,,,,مصدر حجز — يحتاج مطابقة الترخيص / OTA sourced — licence verification required,Expedia Madinah all-properties directory,https://www.expedia.co.uk/All-Madinah-Hotels.d602705.Travel-Guide-City-All-Hotels,,,OTA English + standardized Arabic,OTA400
فندق منار الإيمان,Manar Al Iman Hotel,المدينة المنورة,,,,,,,مصدر حجز — يحتاج مطابقة الترخيص / OTA sourced — licence verification required,Expedia Madinah all-properties directory,https://www.expedia.co.uk/All-Madinah-Hotels.d602705.Travel-Guide-City-All-Hotels,,,OTA English + standardized Arabic,OTA400
منار المنورة,Manar Al Munawwarah,المدينة المنورة,المنطقة المركزية,المنطقة المركزية / Central Zone,داخل المنطقة المركزية / Central Area,422,400,0,رسمي موثق / Official Verified,المخطط الإرشادي للمسجد النبوي ومرافقه وفنادق المنطقة المركزية,,1448هـ / 2026م,تمت مطابقة الاسم ورقم الموقع من المخطط المرفق؛ الترخيص التجاري يحتاج تحققًا مستقلاً,Existing verified English name,Central204
فندق منازل الأسواف,Manazil Al Aswaf Hotel,المدينة المنورة,المنطقة المركزية الجنوبية,,,,,,مصدر حجز — يحتاج مطابقة الترخيص / OTA sourced — licence verification required,Existing WAFD reference,,,,OTA/brand matched,OTA400
منازل الأسواق,Manazil Al Aswaq,المدينة المنورة,المنطقة المركزية,المنطقة المركزية / Central Zone,داخل المنطقة المركزية / Central Area,431,400,0,رسمي موثق / Official Verified,المخطط الإرشادي للمسجد النبوي ومرافقه وفنادق المنطقة المركزية,,1448هـ / 2026م,تمت مطابقة الاسم ورقم الموقع من المخطط المرفق؛ الترخيص التجاري يحتاج تحققًا مستقلاً,Existing verified English name,Central204
منازل التقوى,Manazil Al Taqwa,المدينة المنورة,المنطقة المركزية,المنطقة المركزية / Central Zone,داخل المنطقة المركزية / Central Area,363,300,0,رسمي موثق / Official Verified,المخطط الإرشادي للمسجد النبوي ومرافقه وفنادق المنطقة المركزية,,1448هـ / 2026م,تمت مطابقة الاسم ورقم الموقع من المخطط المرفق؛ الترخيص التجاري يحتاج تحققًا مستقلاً,Existing verified English name,Central204
منازل الحسن - زوار,Manazil Al Hsn Zwar Hotel,المدينة المنورة,المنطقة المركزية,المنطقة المركزية / Central Zone,داخل المنطقة المركزية / Central Area,230,200,0,رسمي موثق / Official Verified,المخطط الإرشادي للمسجد النبوي ومرافقه وفنادق المنطقة المركزية,,1448هـ / 2026م,تمت مطابقة الاسم ورقم الموقع من المخطط المرفق؛ الترخيص التجاري يحتاج تحققًا مستقلاً,Standardized transliteration from official-map Arabic name,Central204
منازل الرحمة,Manazil Al Rhma Hotel,المدينة المنورة,المنطقة المركزية,المنطقة المركزية / Central Zone,داخل المنطقة المركزية / Central Area,307,300,0,رسمي موثق / Official Verified,المخطط الإرشادي للمسجد النبوي ومرافقه وفنادق المنطقة المركزية,,1448هـ / 2026م,تمت مطابقة الاسم ورقم الموقع من المخطط المرفق؛ الترخيص التجاري يحتاج تحققًا مستقلاً,Standardized transliteration from official-map Arabic name,Central204
منازل الزهراء - زوار,Manazil Al Zhra' Zwar Hotel,المدينة المنورة,المنطقة المركزية,المنطقة المركزية / Central Zone,داخل المنطقة المركزية / Central Area,231,200,0,رسمي موثق / Official Verified,المخطط الإرشادي للمسجد النبوي ومرافقه وفنادق المنطقة المركزية,,1448هـ / 2026م,تمت مطابقة الاسم ورقم الموقع من المخطط المرفق؛ الترخيص التجاري يحتاج تحققًا مستقلاً,Standardized transliteration from official-map Arabic name,Central204
منازل الصادق - زوار,Manazil Al Sadq Zwar Hotel,المدينة المنورة,المنطقة المركزية,المنطقة المركزية / Central Zone,داخل المنطقة المركزية / Central Area,302,300,0,رسمي موثق / Official Verified,المخطط الإرشادي للمسجد النبوي ومرافقه وفنادق المنطقة المركزية,,1448هـ / 2026م,تمت مطابقة الاسم ورقم الموقع من المخطط المرفق؛ الترخيص التجاري يحتاج تحققًا مستقلاً,Standardized transliteration from official-map Arabic name,Central204
فندق منازل الصافية,Manazil Al Safia Hotel,المدينة المنورة,المنطقة المركزية,,,,,,مصدر حجز — يحتاج مطابقة الترخيص / OTA sourced — licence verification required,Existing WAFD reference,,,,OTA/brand matched,OTA400
منازل الصافية - زوار,Manazil Al Safia Zwar Hotel,المدينة المنورة,المنطقة المركزية,المنطقة المركزية / Central Zone,داخل المنطقة المركزية / Central Area,418,400,0,رسمي موثق / Official Verified,المخطط الإرشادي للمسجد النبوي ومرافقه وفنادق المنطقة المركزية,,1448هـ / 2026م,تمت مطابقة الاسم ورقم الموقع من المخطط المرفق؛ الترخيص التجاري يحتاج تحققًا مستقلاً,Standardized transliteration from official-map Arabic name,Central204
منازل الفلاح الذهبي,Manazil Al Flah Golden Hotel,المدينة المنورة,المنطقة المركزية,المنطقة المركزية / Central Zone,داخل المنطقة المركزية / Central Area,304,300,0,رسمي موثق / Official Verified,المخطط الإرشادي للمسجد النبوي ومرافقه وفنادق المنطقة المركزية,,1448هـ / 2026م,تمت مطابقة الاسم ورقم الموقع من المخطط المرفق؛ الترخيص التجاري يحتاج تحققًا مستقلاً,Standardized transliteration from official-map Arabic name,Central204
منازل المدينة - زوار,Manazil Madinah Zwar Hotel,المدينة المنورة,المنطقة المركزية,المنطقة المركزية / Central Zone,داخل المنطقة المركزية / Central Area,415,400,0,رسمي موثق / Official Verified,المخطط الإرشادي للمسجد النبوي ومرافقه وفنادق المنطقة المركزية,,1448هـ / 2026م,تمت مطابقة الاسم ورقم الموقع من المخطط المرفق؛ الترخيص التجاري يحتاج تحققًا مستقلاً,Standardized transliteration from official-map Arabic name,Central204
منتجع حفاوة,Hafawah Resort,المدينة المنورة,,,,,,,مصدر حجز — يحتاج مطابقة الترخيص / OTA sourced — licence verification required,Expedia Madinah all-properties directory,https://www.expedia.co.uk/All-Madinah-Hotels.d602705.Travel-Guide-City-All-Hotels,,,OTA English + standardized Arabic,OTA400
منزل أحد 2,manzil uhud 2,المدينة المنورة,,,,,,,مصدر حجز — يحتاج مطابقة الترخيص / OTA sourced — licence verification required,Expedia Madinah all-properties directory,https://www.expedia.co.uk/All-Madinah-Hotels.d602705.Travel-Guide-City-All-Hotels,,,OTA English + standardized Arabic,OTA400
فندق مورايا,Moraya Hotel,المدينة المنورة,العريض,,,,,,مصدر حجز — يحتاج مطابقة الترخيص / OTA sourced — licence verification required,Existing WAFD reference,,,,OTA/brand matched,OTA400
فندق ميار جولدن,Mayar Golden Hotel,المدينة المنورة,,,,,,,مصدر حجز — يحتاج مطابقة الترخيص / OTA sourced — licence verification required,Expedia Madinah all-properties directory,https://www.expedia.co.uk/All-Madinah-Hotels.d602705.Travel-Guide-City-All-Hotels,,,OTA English + standardized Arabic,OTA400
فندق مياس المدينة,Mias Hotel Medina,المدينة المنورة,,,,,,,مصدر حجز — يحتاج مطابقة الترخيص / OTA sourced — licence verification required,Expedia Madinah all-properties directory,https://www.expedia.co.uk/All-Madinah-Hotels.d602705.Travel-Guide-City-All-Hotels,,,OTA English + standardized Arabic,OTA400
فندق مياس المدينة,Mias Al Madina Hotel,المدينة المنورة,المنطقة المركزية,المنطقة المركزية / Central Zone,داخل المنطقة المركزية / Central Area,203,200,0,رسمي موثق / Official Verified,المخطط الإرشادي للمسجد النبوي ومرافقه وفنادق المنطقة المركزية,,1448هـ / 2026م,تمت مطابقة الاسم ورقم الموقع من المخطط المرفق؛ الترخيص التجاري يحتاج تحققًا مستقلاً,Booking.com current property name,Central204
فندق ميراج السلام,Mirage Al Salam,المدينة المنورة,المنطقة المركزية,,,,,,مصدر حجز — يحتاج مطابقة الترخيص / OTA sourced — licence verification required,Existing WAFD reference,,,,OTA/brand matched,OTA400
ميسان التقوى,Maysan Al Taqwa,المدينة المنورة,,,,,,,مصدر حجز — يحتاج مطابقة الترخيص / OTA sourced — licence verification required,Expedia Madinah all-properties directory,https://www.expedia.co.uk/All-Madinah-Hotels.d602705.Travel-Guide-City-All-Hotels,,,OTA English + standardized Arabic,OTA400
فندق ميسان الحارثية,Maysan Al Harithia hotel,المدينة المنورة,,,,,,,مصدر حجز — يحتاج مطابقة الترخيص / OTA sourced — licence verification required,Expedia Madinah all-properties directory,https://www.expedia.co.uk/All-Madinah-Hotels.d602705.Travel-Guide-City-All-Hotels,,,OTA English + standardized Arabic,OTA400
ميسان رحاب المسك,Maysan Rehab AL Mysk,المدينة المنورة,,,,,,,مصدر حجز — يحتاج مطابقة الترخيص / OTA sourced — licence verification required,Expedia Madinah all-properties directory,https://www.expedia.co.uk/All-Madinah-Hotels.d602705.Travel-Guide-City-All-Hotels,,,OTA English + standardized Arabic,OTA400
فندق ميلينيوم العقيق,Millennium Al Aqeeq Hotel,المدينة المنورة,المنطقة المركزية الغربية,,,,,,مصدر حجز — يحتاج مطابقة الترخيص / OTA sourced — licence verification required,Existing WAFD reference,,,,OTA/brand matched,OTA400
فندق ميلينيوم طيبة,Millennium Taiba Hotel,المدينة المنورة,,,,,,,مصدر حجز — يحتاج مطابقة الترخيص / OTA sourced — licence verification required,Expedia Madinah all-properties directory,https://www.expedia.co.uk/All-Madinah-Hotels.d602705.Travel-Guide-City-All-Hotels,,,OTA English + standardized Arabic,OTA400
فندق ميلينيوم مطار المدينة,Millennium Madinah Airport,المدينة المنورة,مطار الأمير محمد بن عبدالعزيز,,,,,,مصدر حجز — يحتاج مطابقة الترخيص / OTA sourced — licence verification required,Existing WAFD reference,,,,OTA/brand matched,OTA400
ميهاد المدينة قباء,MEHAD MADINAH QUBA,المدينة المنورة,,,,,,,مصدر حجز — يحتاج مطابقة الترخيص / OTA sourced — licence verification required,Expedia Madinah all-properties directory,https://www.expedia.co.uk/All-Madinah-Hotels.d602705.Travel-Guide-City-All-Hotels,,,OTA English + standardized Arabic,OTA400
نجوم المدينة,Njwm Madinah Hotel,المدينة المنورة,المنطقة المركزية,المنطقة المركزية / Central Zone,داخل المنطقة المركزية / Central Area,374,300,0,رسمي موثق / Official Verified,المخطط الإرشادي للمسجد النبوي ومرافقه وفنادق المنطقة المركزية,,1448هـ / 2026م,تمت مطابقة الاسم ورقم الموقع من المخطط المرفق؛ الترخيص التجاري يحتاج تحققًا مستقلاً,Standardized transliteration from official-map Arabic name,Central204
ندى السلام,Nda Al Salam Hotel,المدينة المنورة,المنطقة المركزية,المنطقة المركزية / Central Zone,داخل المنطقة المركزية / Central Area,347,300,0,رسمي موثق / Official Verified,المخطط الإرشادي للمسجد النبوي ومرافقه وفنادق المنطقة المركزية,,1448هـ / 2026م,تمت مطابقة الاسم ورقم الموقع من المخطط المرفق؛ الترخيص التجاري يحتاج تحققًا مستقلاً,Standardized transliteration from official-map Arabic name,Central204
فندق نرسيان طيبة,Narsian Taiba Hotel,المدينة المنورة,العريض,,,,,,مصدر حجز — يحتاج مطابقة الترخيص / OTA sourced — licence verification required,Existing WAFD reference,,,,OTA/brand matched,OTA400
نزل الاوائل,Nozol Al Awael Hotel,المدينة المنورة,,,,,,,مصدر حجز — يحتاج مطابقة الترخيص / OTA sourced — licence verification required,Booking.com Madinah directory,https://www.booking.com/city/sa/medina.en-gb.html,,,Standardized transliteration,OTA400
فندق نزل الشاكرين,Golden Tulip Al Shakreen,المدينة المنورة,المنطقة المركزية الشمالية,,,,,,مصدر حجز — يحتاج مطابقة الترخيص / OTA sourced — licence verification required,Existing WAFD reference,,,,OTA/brand matched,OTA400
فندق نزل الهجرة,Nozol Al Hijrah Hotel,المدينة المنورة,المنطقة المركزية,,,,,,مصدر حجز — يحتاج مطابقة الترخيص / OTA sourced — licence verification required,Existing WAFD reference,,,,OTA/brand matched,OTA400
نزل آية فور غرف مشتركة,Aya Hostel For Shared Bedrooms,المدينة المنورة,,,,,,,مصدر حجز — يحتاج مطابقة الترخيص / OTA sourced — licence verification required,Expedia Madinah all-properties directory,https://www.expedia.co.uk/All-Madinah-Hotels.d602705.Travel-Guide-City-All-Hotels,,,OTA English + standardized Arabic,OTA400
فندق نزل رويال,Nozol Royal Hotel,المدينة المنورة,,,,,,,مصدر حجز — يحتاج مطابقة الترخيص / OTA sourced — licence verification required,Booking.com Madinah directory,https://www.booking.com/city/sa/medina.en-gb.html,,,OTA English + standardized Arabic,OTA400
فندق نزل رويال إن,Nozol Royal Inn Hotel,المدينة المنورة,المنطقة المركزية الشمالية,,,,,,مصدر حجز — يحتاج مطابقة الترخيص / OTA sourced — licence verification required,Existing WAFD reference,,,,OTA/brand matched,OTA400
نزل سنابيل الماديناه,Nozol snabel almadinah,المدينة المنورة,,,,,,,مصدر حجز — يحتاج مطابقة الترخيص / OTA sourced — licence verification required,Expedia Madinah all-properties directory,https://www.expedia.co.uk/All-Madinah-Hotels.d602705.Travel-Guide-City-All-Hotels,,,OTA English + standardized Arabic,OTA400
نزل صفاء بارك,Nozol Sfa' Bark Hotel,المدينة المنورة,,,,,,,مصدر حجز — يحتاج مطابقة الترخيص / OTA sourced — licence verification required,Expedia Madinah all-properties directory,https://www.expedia.co.uk/All-Madinah-Hotels.d602705.Travel-Guide-City-All-Hotels,,,Standardized transliteration,OTA400
نزل قباء,Quba Suites,المدينة المنورة,,,,,,,مصدر حجز — يحتاج مطابقة الترخيص / OTA sourced — licence verification required,Booking.com Madinah directory,https://www.booking.com/city/sa/medina.en-gb.html,,,Bilingual source row,OTA400
نزل لولوات سلطانة,Nozol Luluat Sultanah Hostel,المدينة المنورة,,,,,,,مصدر حجز — يحتاج مطابقة الترخيص / OTA sourced — licence verification required,Expedia Madinah all-properties directory,https://www.expedia.co.uk/All-Madinah-Hotels.d602705.Travel-Guide-City-All-Hotels,,,OTA English + standardized Arabic,OTA400
نسك الإيمان,Nusk Al Iman,المدينة المنورة,المنطقة المركزية,المنطقة المركزية / Central Zone,داخل المنطقة المركزية / Central Area,411,400,0,رسمي موثق / Official Verified,المخطط الإرشادي للمسجد النبوي ومرافقه وفنادق المنطقة المركزية,,1448هـ / 2026م,تمت مطابقة الاسم ورقم الموقع من المخطط المرفق؛ الترخيص التجاري يحتاج تحققًا مستقلاً,Existing verified English name,Central204
فندق نسك الإيمان المدينة,Nusk Al Eiman Hotel Al Madina,المدينة المنورة,,,,,,,مصدر حجز — يحتاج مطابقة الترخيص / OTA sourced — licence verification required,Expedia Madinah all-properties directory,https://www.expedia.co.uk/All-Madinah-Hotels.d602705.Travel-Guide-City-All-Hotels,,,OTA English + standardized Arabic,OTA400
فندق نُسك الروضة,Nusk Al Rawda Hotel,المدينة المنورة,المنطقة المركزية,,,,,,مصدر حجز — يحتاج مطابقة الترخيص / OTA sourced — licence verification required,Existing WAFD reference,,,,OTA/brand matched,OTA400
فندق نسك المدينة,Nusk Al Madinah Hotel,المدينة المنورة,,,,,,,مصدر حجز — يحتاج مطابقة الترخيص / OTA sourced — licence verification required,Expedia Madinah all-properties directory,https://www.expedia.co.uk/All-Madinah-Hotels.d602705.Travel-Guide-City-All-Hotels,,,OTA English + standardized Arabic,OTA400
فندق نُسك الهجرة,Nusk Al Hijrah Hotel,المدينة المنورة,المنطقة المركزية,,,,,,مصدر حجز — يحتاج مطابقة الترخيص / OTA sourced — licence verification required,Existing WAFD reference,,,,OTA/brand matched,OTA400
فندق نسمات,Nasamat Hotel,المدينة المنورة,,,,,,,مصدر حجز — يحتاج مطابقة الترخيص / OTA sourced — licence verification required,Expedia Madinah all-properties directory,https://www.expedia.co.uk/All-Madinah-Hotels.d602705.Travel-Guide-City-All-Hotels,,,OTA English + standardized Arabic,OTA400
نقاط ثلاثة الرضا,Nqat Thlatha Al Reda Hotel,المدينة المنورة,المنطقة المركزية,المنطقة المركزية / Central Zone,داخل المنطقة المركزية / Central Area,448,400,0,رسمي موثق / Official Verified,المخطط الإرشادي للمسجد النبوي ومرافقه وفنادق المنطقة المركزية,,1448هـ / 2026م,تمت مطابقة الاسم ورقم الموقع من المخطط المرفق؛ الترخيص التجاري يحتاج تحققًا مستقلاً,Standardized transliteration from official-map Arabic name,Central204
نقاط ثلاثة الكوثر,Nqat Thlatha Al Kwthr Hotel,المدينة المنورة,المنطقة المركزية,المنطقة المركزية / Central Zone,داخل المنطقة المركزية / Central Area,447,400,0,رسمي موثق / Official Verified,المخطط الإرشادي للمسجد النبوي ومرافقه وفنادق المنطقة المركزية,,1448هـ / 2026م,تمت مطابقة الاسم ورقم الموقع من المخطط المرفق؛ الترخيص التجاري يحتاج تحققًا مستقلاً,Standardized transliteration from official-map Arabic name,Central204
نوفوتيل المدينة,Novotel Madinah,المدينة المنورة,,,,,,,مصدر حجز — يحتاج مطابقة الترخيص / OTA sourced — licence verification required,Expedia Madinah all-properties directory,https://www.expedia.co.uk/All-Madinah-Hotels.d602705.Travel-Guide-City-All-Hotels,,,OTA English + standardized Arabic,OTA400
فندق نوى المادينا,Nawa Almadina Hotel,المدينة المنورة,,,,,,,مصدر حجز — يحتاج مطابقة الترخيص / OTA sourced — licence verification required,Expedia Madinah all-properties directory,https://www.expedia.co.uk/All-Madinah-Hotels.d602705.Travel-Guide-City-All-Hotels,,,OTA English + standardized Arabic,OTA400
فندق نيو المدينة,New Madinah Hotel,المدينة المنورة,المنطقة المركزية الجنوبية,,,,,,مصدر حجز — يحتاج مطابقة الترخيص / OTA sourced — licence verification required,Existing WAFD reference,,,,OTA/brand matched,OTA400
هازا مانزيلي رابوا برانتش,Haza Manzeli Rabwa Branch,المدينة المنورة,,,,,,,مصدر حجز — يحتاج مطابقة الترخيص / OTA sourced — licence verification required,Expedia Madinah all-properties directory,https://www.expedia.co.uk/All-Madinah-Hotels.d602705.Travel-Guide-City-All-Hotels,,,OTA English + standardized Arabic,OTA400
فندق هافن بلازا,Haven Plaza Hotel,المدينة المنورة,قربان,,,,,,مصدر حجز — يحتاج مطابقة الترخيص / OTA sourced — licence verification required,Existing WAFD reference,,,,OTA/brand matched,OTA400
هامبتون من هيلتون المدينة سنترال ديستريكت,Hampton By Hilton Madinah Central District,المدينة المنورة,,,,,,,مصدر حجز — يحتاج مطابقة الترخيص / OTA sourced — licence verification required,Expedia Madinah all-properties directory,https://www.expedia.co.uk/All-Madinah-Hotels.d602705.Travel-Guide-City-All-Hotels,,,OTA English + standardized Arabic,OTA400
فندق هاو إن,How inn Hotel,المدينة المنورة,,,,,,,مصدر حجز — يحتاج مطابقة الترخيص / OTA sourced — licence verification required,Expedia Madinah all-properties directory,https://www.expedia.co.uk/All-Madinah-Hotels.d602705.Travel-Guide-City-All-Hotels,,,OTA English + standardized Arabic,OTA400
هدى طيبة,Huda Taiba,المدينة المنورة,المنطقة المركزية,المنطقة المركزية / Central Zone,داخل المنطقة المركزية / Central Area,421,400,0,رسمي موثق / Official Verified,المخطط الإرشادي للمسجد النبوي ومرافقه وفنادق المنطقة المركزية,,1448هـ / 2026م,تمت مطابقة الاسم ورقم الموقع من المخطط المرفق؛ الترخيص التجاري يحتاج تحققًا مستقلاً,Existing verified English name,Central204
فندق هوم تل,Home Tel Hotel,المدينة المنورة,العريض,,,,,,مصدر حجز — يحتاج مطابقة الترخيص / OTA sourced — licence verification required,Existing WAFD reference,,,,OTA/brand matched,OTA400
فندق هيل,Hill Hotel,المدينة المنورة,,,,,,,مصدر حجز — يحتاج مطابقة الترخيص / OTA sourced — licence verification required,Expedia Madinah all-properties directory,https://www.expedia.co.uk/All-Madinah-Hotels.d602705.Travel-Guide-City-All-Hotels,,,OTA English + standardized Arabic,OTA400
واجهة طيبة,Wajha Taiba Hotel,المدينة المنورة,المنطقة المركزية,المنطقة المركزية / Central Zone,داخل المنطقة المركزية / Central Area,157,100,0,رسمي موثق / Official Verified,المخطط الإرشادي للمسجد النبوي ومرافقه وفنادق المنطقة المركزية,,1448هـ / 2026م,تمت مطابقة الاسم ورقم الموقع من المخطط المرفق؛ الترخيص التجاري يحتاج تحققًا مستقلاً,Standardized transliteration from official-map Arabic name,Central204
فندق وادي السفراء,Wadi Al Sufaraa Hotel,المدينة المنورة,,,,,,,مصدر حجز — يحتاج مطابقة الترخيص / OTA sourced — licence verification required,Expedia Madinah all-properties directory,https://www.expedia.co.uk/All-Madinah-Hotels.d602705.Travel-Guide-City-All-Hotels,,,OTA English + standardized Arabic,OTA400
فندق وارده رحيق,Wardh rahiq hotel,المدينة المنورة,,,,,,,مصدر حجز — يحتاج مطابقة الترخيص / OTA sourced — licence verification required,Expedia Madinah all-properties directory,https://www.expedia.co.uk/All-Madinah-Hotels.d602705.Travel-Guide-City-All-Hotels,,,OTA English + standardized Arabic,OTA400
وافياهوتيل,wafiahotel,المدينة المنورة,,,,,,,مصدر حجز — يحتاج مطابقة الترخيص / OTA sourced — licence verification required,Expedia Madinah all-properties directory,https://www.expedia.co.uk/All-Madinah-Hotels.d602705.Travel-Guide-City-All-Hotels,,,OTA English + standardized Arabic,OTA400
فندق وايت دايموند,White Diamond Hotel,المدينة المنورة,العريض,,,,,,مصدر حجز — يحتاج مطابقة الترخيص / OTA sourced — licence verification required,Existing WAFD reference,,,,OTA/brand matched,OTA400
وديان سيتي,Wedyan City,المدينة المنورة,,,,,,,مصدر حجز — يحتاج مطابقة الترخيص / OTA sourced — licence verification required,Expedia Madinah all-properties directory,https://www.expedia.co.uk/All-Madinah-Hotels.d602705.Travel-Guide-City-All-Hotels,,,OTA English + standardized Arabic,OTA400
وردة الإيمان,Wardat Al Eiman Hotel,المدينة المنورة,المنطقة المركزية,المنطقة المركزية / Central Zone,داخل المنطقة المركزية / Central Area,360,300,0,رسمي موثق / Official Verified,المخطط الإرشادي للمسجد النبوي ومرافقه وفنادق المنطقة المركزية,,1448هـ / 2026م,تمت مطابقة الاسم ورقم الموقع من المخطط المرفق؛ الترخيص التجاري يحتاج تحققًا مستقلاً,Standardized transliteration from official-map Arabic name,Central204
وردة السعادة,Wardat Al Saadah Hotel,المدينة المنورة,المنطقة المركزية,المنطقة المركزية / Central Zone,داخل المنطقة المركزية / Central Area,364,300,0,رسمي موثق / Official Verified,المخطط الإرشادي للمسجد النبوي ومرافقه وفنادق المنطقة المركزية,,1448هـ / 2026م,تمت مطابقة الاسم ورقم الموقع من المخطط المرفق؛ الترخيص التجاري يحتاج تحققًا مستقلاً,Standardized transliteration from official-map Arabic name,Central204
وردة الصفا,Wardat Al Sfa Hotel,المدينة المنورة,المنطقة المركزية,المنطقة المركزية / Central Zone,داخل المنطقة المركزية / Central Area,320,300,0,رسمي موثق / Official Verified,المخطط الإرشادي للمسجد النبوي ومرافقه وفنادق المنطقة المركزية,,1448هـ / 2026م,تمت مطابقة الاسم ورقم الموقع من المخطط المرفق؛ الترخيص التجاري يحتاج تحققًا مستقلاً,Standardized transliteration from official-map Arabic name,Central204
وردة رحيق,Wardat rahiq,المدينة المنورة,,,,,,,مصدر حجز — يحتاج مطابقة الترخيص / OTA sourced — licence verification required,Expedia Madinah all-properties directory,https://www.expedia.co.uk/All-Madinah-Hotels.d602705.Travel-Guide-City-All-Hotels,,,OTA English + standardized Arabic,OTA400
وفادة الزهراء,Wfada Al Zhra' Hotel,المدينة المنورة,المنطقة المركزية,المنطقة المركزية / Central Zone,داخل المنطقة المركزية / Central Area,210,200,0,رسمي موثق / Official Verified,المخطط الإرشادي للمسجد النبوي ومرافقه وفنادق المنطقة المركزية,,1448هـ / 2026م,تمت مطابقة الاسم ورقم الموقع من المخطط المرفق؛ الترخيص التجاري يحتاج تحققًا مستقلاً,Standardized transliteration from official-map Arabic name,Central204
وقت التنزيل,Wqt Al Tnzyl Hotel,المدينة المنورة,المنطقة المركزية,المنطقة المركزية / Central Zone,داخل المنطقة المركزية / Central Area,310,300,0,رسمي موثق / Official Verified,المخطط الإرشادي للمسجد النبوي ومرافقه وفنادق المنطقة المركزية,,1448هـ / 2026م,تمت مطابقة الاسم ورقم الموقع من المخطط المرفق؛ الترخيص التجاري يحتاج تحققًا مستقلاً,Standardized transliteration from official-map Arabic name,Central204
فندق وقف عثمان بن عفان,Waqf Othman Bin Affan Hotel,المدينة المنورة,المنطقة المركزية,,,,,,مصدر حجز — يحتاج مطابقة الترخيص / OTA sourced — licence verification required,Existing WAFD reference,,,,OTA/brand matched,OTA400
فندق ون إن,One Inn Hotel,المدينة المنورة,المنطقة المركزية,المنطقة المركزية / Central Zone,داخل المنطقة المركزية / Central Area,412,400,0,رسمي موثق / Official Verified,المخطط الإرشادي للمسجد النبوي ومرافقه وفنادق المنطقة المركزية,,1448هـ / 2026م,تمت مطابقة الاسم ورقم الموقع من المخطط المرفق؛ الترخيص التجاري يحتاج تحققًا مستقلاً,Booking.com current property name,Central204
فندق ون نايت,One Night Hotel,المدينة المنورة,شظاة,,,,,,مصدر حجز — يحتاج مطابقة الترخيص / OTA sourced — licence verification required,Existing WAFD reference,,,,OTA/brand matched,OTA400
وورث تود,Wwrth Twd Hotel,المدينة المنورة,المنطقة المركزية,المنطقة المركزية / Central Zone,داخل المنطقة المركزية / Central Area,237,200,0,رسمي موثق / Official Verified,المخطط الإرشادي للمسجد النبوي ومرافقه وفنادق المنطقة المركزية,,1448هـ / 2026م,تمت مطابقة الاسم ورقم الموقع من المخطط المرفق؛ الترخيص التجاري يحتاج تحققًا مستقلاً,Standardized transliteration from official-map Arabic name,Central204
وورث نروان,Wwrth Nrwan Hotel,المدينة المنورة,المنطقة المركزية,المنطقة المركزية / Central Zone,داخل المنطقة المركزية / Central Area,244,200,0,رسمي موثق / Official Verified,المخطط الإرشادي للمسجد النبوي ومرافقه وفنادق المنطقة المركزية,,1448هـ / 2026م,تمت مطابقة الاسم ورقم الموقع من المخطط المرفق؛ الترخيص التجاري يحتاج تحققًا مستقلاً,Standardized transliteration from official-map Arabic name,Central204
فندق ويستن مارك,Westin Mark Hotel,المدينة المنورة,,,,,,,مصدر حجز — يحتاج مطابقة الترخيص / OTA sourced — licence verification required,Expedia Madinah all-properties directory,https://www.expedia.co.uk/All-Madinah-Hotels.d602705.Travel-Guide-City-All-Hotels,,,OTA English + standardized Arabic,OTA400
وينجز وف ذا الصحراء استراحة بليس,Wings of the desert resting place,المدينة المنورة,,,,,,,مصدر حجز — يحتاج مطابقة الترخيص / OTA sourced — licence verification required,Expedia Madinah all-properties directory,https://www.expedia.co.uk/All-Madinah-Hotels.d602705.Travel-Guide-City-All-Hotels,,,OTA English + standardized Arabic,OTA400
فندق ي بلاتينيوم,Y Platinum Hotel,المدينة المنورة,,,,,,,مصدر حجز — يحتاج مطابقة الترخيص / OTA sourced — licence verification required,Expedia Madinah all-properties directory,https://www.expedia.co.uk/All-Madinah-Hotels.d602705.Travel-Guide-City-All-Hotels,,,OTA English + standardized Arabic,OTA400
يمار إيليت المدينة,EMAR ELITE MADINAH,المدينة المنورة,,,,,,,مصدر حجز — يحتاج مطابقة الترخيص / OTA sourced — licence verification required,Expedia Madinah all-properties directory,https://www.expedia.co.uk/All-Madinah-Hotels.d602705.Travel-Guide-City-All-Hotels,,,OTA English + standardized Arabic,OTA400
