hotel_name,district,address,city,property_type,verification_status,source_authority,source_url,last_source_review,hotel_name_ar,hotel_name_en,bilingual_name_method
فندق أنوار المدينة موفنبيك,المنطقة المركزية الشمالية,طريق الملك فهد، مقابل المسجد النبوي,المدينة المنورة,Hotel / Accommodation,مصدر حجز — يحتاج مطابقة الترخيص / OTA sourced — licence verification required,Existing WAFD reference,,2026-07-21,فندق أنوار المدينة موفنبيك,Anwar Al Madinah Mövenpick Hotel,OTA/brand matched
فندق المدينة هيلتون,المنطقة المركزية الشمالية,طريق الملك فهد، قرب المسجد النبوي,المدينة المنورة,Hotel / Accommodation,مصدر حجز — يحتاج مطابقة الترخيص / OTA sourced — licence verification required,Existing WAFD reference,,2026-07-21,فندق المدينة هيلتون,Madinah Hilton,OTA/brand matched
فندق دار التقوى,المنطقة المركزية الشمالية,شارع أبي عبيدة بن الجراح، أمام المسجد النبوي,المدينة المنورة,Hotel / Accommodation,مصدر حجز — يحتاج مطابقة الترخيص / OTA sourced — licence verification required,Existing WAFD reference,,2026-07-21,فندق دار التقوى,Dar Al Taqwa Hotel,OTA/brand matched
فندق دلة طيبة,المنطقة المركزية الشمالية,شارع أبي ذر، قرب المسجد النبوي,المدينة المنورة,Hotel / Accommodation,مصدر حجز — يحتاج مطابقة الترخيص / OTA sourced — licence verification required,Existing WAFD reference,,2026-07-21,فندق دلة طيبة,Dallah Taibah Hotel,OTA/brand matched
فندق سوفيتيل شهد المدينة,المنطقة المركزية الشمالية,طريق الملك فهد، المنطقة المركزية,المدينة المنورة,Hotel / Accommodation,مصدر حجز — يحتاج مطابقة الترخيص / OTA sourced — licence verification required,Existing WAFD reference,,2026-07-21,فندق سوفيتيل شهد المدينة,Sofitel Shahd Al Madinah,OTA/brand matched
فندق إنتركونتيننتال دار الإيمان,المنطقة المركزية الشمالية,المنطقة المركزية، مقابل المسجد النبوي,المدينة المنورة,Hotel / Accommodation,مصدر حجز — يحتاج مطابقة الترخيص / OTA sourced — licence verification required,Existing WAFD reference,,2026-07-21,فندق إنتركونتيننتال دار الإيمان,InterContinental Dar Al Iman Madinah by IHG,OTA/brand matched
فندق إنتركونتيننتال دار الهجرة,المنطقة المركزية الشمالية,طريق الملك فهد، المنطقة المركزية,المدينة المنورة,Hotel / Accommodation,مصدر حجز — يحتاج مطابقة الترخيص / OTA sourced — licence verification required,Existing WAFD reference,,2026-07-21,فندق إنتركونتيننتال دار الهجرة,InterContinental Dar Al Hijra Madinah by IHG,OTA/brand matched
فندق أوبروي المدينة,المنطقة المركزية الشمالية,شارع أبي ذر، شمال المسجد النبوي,المدينة المنورة,Hotel / Accommodation,مصدر حجز — يحتاج مطابقة الترخيص / OTA sourced — licence verification required,Existing WAFD reference,,2026-07-21,فندق أوبروي المدينة,"The Oberoi, Madina",OTA/brand matched
فندق فرونتيل الحارثية,المنطقة المركزية الشمالية,شارع أبي عبيدة بن الجراح، المنطقة المركزية,المدينة المنورة,Hotel / Accommodation,مصدر حجز — يحتاج مطابقة الترخيص / OTA sourced — licence verification required,Existing WAFD reference,,2026-07-21,فندق فرونتيل الحارثية,Frontel Al Harithia Hotel,OTA/brand matched
فندق إعمار رويال المدينة,المنطقة المركزية الشمالية,المنطقة المركزية الشمالية,المدينة المنورة,Hotel / Accommodation,مصدر حجز — يحتاج مطابقة الترخيص / OTA sourced — licence verification required,Existing WAFD reference,,2026-07-21,فندق إعمار رويال المدينة,Emaar Royal Hotel Al Madina,OTA/brand matched
فندق نزل رويال إن,المنطقة المركزية الشمالية,المنطقة المركزية الشمالية,المدينة المنورة,Hotel / Accommodation,مصدر حجز — يحتاج مطابقة الترخيص / OTA sourced — licence verification required,Existing WAFD reference,,2026-07-21,فندق نزل رويال إن,Nozol Royal Inn Hotel,OTA/brand matched
فندق شذا المدينة,المنطقة المركزية الشمالية,قرب المسجد النبوي، المنطقة المركزية,المدينة المنورة,Hotel / Accommodation,مصدر حجز — يحتاج مطابقة الترخيص / OTA sourced — licence verification required,Existing WAFD reference,,2026-07-21,فندق شذا المدينة,Shaza Al Madina,OTA/brand matched
فندق مادن المدينة,المنطقة المركزية الشمالية,المنطقة المركزية، قرب المسجد النبوي,المدينة المنورة,Hotel / Accommodation,مصدر حجز — يحتاج مطابقة الترخيص / OTA sourced — licence verification required,Existing WAFD reference,,2026-07-21,فندق مادن المدينة,MADEN Hotel,OTA/brand matched
فندق أودست المدينة,المنطقة المركزية الشمالية,المنطقة المركزية الشمالية,المدينة المنورة,Hotel / Accommodation,مصدر حجز — يحتاج مطابقة الترخيص / OTA sourced — licence verification required,Existing WAFD reference,,2026-07-21,فندق أودست المدينة,Odest Hotel Al Madina,OTA/brand matched
فندق زوار إنترناشيونال,المنطقة المركزية الشمالية,المنطقة المركزية الشمالية,المدينة المنورة,Hotel / Accommodation,مصدر حجز — يحتاج مطابقة الترخيص / OTA sourced — licence verification required,Existing WAFD reference,,2026-07-21,فندق زوار إنترناشيونال,Zowar International Hotel,OTA/brand matched
فندق أجنحة طيبة أراك,المنطقة المركزية الشمالية,شارع أبي عبيدة بن الجراح,المدينة المنورة,Hotel / Accommodation,مصدر حجز — يحتاج مطابقة الترخيص / OTA sourced — licence verification required,Existing WAFD reference,,2026-07-21,فندق أجنحة طيبة أراك,Taiba Arac Suites,OTA/brand matched
فندق دار النعيم,المنطقة المركزية الشمالية,طريق الملك فهد، المنطقة المركزية,المدينة المنورة,Hotel / Accommodation,مصدر حجز — يحتاج مطابقة الترخيص / OTA sourced — licence verification required,Existing WAFD reference,,2026-07-21,فندق دار النعيم,Dar Al Naeem Hotel,OTA/brand matched
فندق جراند بلازا بدر المقام,المنطقة المركزية الشمالية,المنطقة المركزية الشمالية,المدينة المنورة,Hotel / Accommodation,مصدر حجز — يحتاج مطابقة الترخيص / OTA sourced — licence verification required,Existing WAFD reference,,2026-07-21,فندق جراند بلازا بدر المقام,Grand Plaza Badr Al Maqam,OTA/brand matched
فندق جراند بلازا المدينة,المنطقة المركزية الشمالية,المنطقة المركزية الشمالية,المدينة المنورة,Hotel / Accommodation,مصدر حجز — يحتاج مطابقة الترخيص / OTA sourced — licence verification required,Existing WAFD reference,,2026-07-21,فندق جراند بلازا المدينة,Grand Plaza Al Madina,OTA/brand matched
فندق حياة إنترناشيونال,المنطقة المركزية الشمالية,المنطقة المركزية الشمالية,المدينة المنورة,Hotel / Accommodation,مصدر حجز — يحتاج مطابقة الترخيص / OTA sourced — licence verification required,Existing WAFD reference,,2026-07-21,فندق حياة إنترناشيونال,Hayatt International Hotel,OTA/brand matched
فندق أجنحة طيبة فرونت,المنطقة المركزية الشمالية,المنطقة المركزية الشمالية,المدينة المنورة,Hotel / Accommodation,مصدر حجز — يحتاج مطابقة الترخيص / OTA sourced — licence verification required,Existing WAFD reference,,2026-07-21,فندق أجنحة طيبة فرونت,Taiba Front Suites,OTA/brand matched
فندق بلاتينيوم المدينة,المنطقة المركزية الشمالية,المنطقة المركزية الشمالية,المدينة المنورة,Hotel / Accommodation,مصدر حجز — يحتاج مطابقة الترخيص / OTA sourced — licence verification required,Existing WAFD reference,,2026-07-21,فندق بلاتينيوم المدينة,Platinum Hotel Madinah,OTA/brand matched
فندق نزل الشاكرين,المنطقة المركزية الشمالية,المنطقة المركزية الشمالية,المدينة المنورة,Hotel / Accommodation,مصدر حجز — يحتاج مطابقة الترخيص / OTA sourced — licence verification required,Existing WAFD reference,,2026-07-21,فندق نزل الشاكرين,Golden Tulip Al Shakreen,OTA/brand matched
فندق طيبة فرونت,المنطقة المركزية الشمالية,طريق الملك فهد، المنطقة المركزية,المدينة المنورة,Hotel / Accommodation,مصدر حجز — يحتاج مطابقة الترخيص / OTA sourced — licence verification required,Existing WAFD reference,,2026-07-21,فندق طيبة فرونت,Taiba Front Hotel,OTA/brand matched
فندق المدينة أراك,المنطقة المركزية الشمالية,المنطقة المركزية,المدينة المنورة,Hotel / Accommodation,مصدر حجز — يحتاج مطابقة الترخيص / OTA sourced — licence verification required,Existing WAFD reference,,2026-07-21,فندق المدينة أراك,Al Madinah Arac Hotel,OTA/brand matched
فندق إيلاف طيبة,المنطقة المركزية الغربية,شارع سعد بن معاذ، المنطقة المركزية,المدينة المنورة,Hotel / Accommodation,مصدر حجز — يحتاج مطابقة الترخيص / OTA sourced — licence verification required,Existing WAFD reference,,2026-07-21,فندق إيلاف طيبة,Elaf Taiba Hotel,OTA/brand matched
فندق سجى المدينة,المنطقة المركزية الغربية,طريق الملك فيصل، المنطقة المركزية,المدينة المنورة,Hotel / Accommodation,مصدر حجز — يحتاج مطابقة الترخيص / OTA sourced — licence verification required,Existing WAFD reference,,2026-07-21,فندق سجى المدينة,Saja Al Madinah Hotel,OTA/brand matched
فندق إعمار إيليت المدينة,المنطقة المركزية الغربية,طريق السلام، المنطقة المركزية,المدينة المنورة,Hotel / Accommodation,مصدر حجز — يحتاج مطابقة الترخيص / OTA sourced — licence verification required,Existing WAFD reference,,2026-07-21,فندق إعمار إيليت المدينة,Emaar Elite Al Madina Hotel,OTA/brand matched
فندق العقيق المدينة,المنطقة المركزية الغربية,شارع مصعب بن عمير، المنطقة المركزية,المدينة المنورة,Hotel / Accommodation,مصدر حجز — يحتاج مطابقة الترخيص / OTA sourced — licence verification required,Existing WAFD reference,,2026-07-21,فندق العقيق المدينة,Al Aqeeq Hotel Madinah,OTA/brand matched
فندق ميلينيوم العقيق,المنطقة المركزية الغربية,طريق مصعب بن عمير، المنطقة المركزية,المدينة المنورة,Hotel / Accommodation,مصدر حجز — يحتاج مطابقة الترخيص / OTA sourced — licence verification required,Existing WAFD reference,,2026-07-21,فندق ميلينيوم العقيق,Millennium Al Aqeeq Hotel,OTA/brand matched
فندق البسفور المدينة,المنطقة المركزية الغربية,طريق السلام، المنطقة المركزية,المدينة المنورة,Hotel / Accommodation,مصدر حجز — يحتاج مطابقة الترخيص / OTA sourced — licence verification required,Existing WAFD reference,,2026-07-21,فندق البسفور المدينة,Bosphorus Hotel Medina,OTA/brand matched
فندق جولدن توليب المكتان,المنطقة المركزية الغربية,طريق السلام، المدينة المنورة,المدينة المنورة,Hotel / Accommodation,مصدر حجز — يحتاج مطابقة الترخيص / OTA sourced — licence verification required,Existing WAFD reference,,2026-07-21,فندق جولدن توليب المكتان,Emaar Mektan Hotel,OTA/brand matched
فندق رؤى الهجرة,المنطقة المركزية الغربية,طريق السلام، المنطقة المركزية,المدينة المنورة,Hotel / Accommodation,مصدر حجز — يحتاج مطابقة الترخيص / OTA sourced — licence verification required,Existing WAFD reference,,2026-07-21,فندق رؤى الهجرة,Rua Al Hijrah Hotel,OTA/brand matched
فندق الماسة المدينة,المنطقة المركزية الغربية,طريق السلام، المنطقة المركزية,المدينة المنورة,Hotel / Accommodation,مصدر حجز — يحتاج مطابقة الترخيص / OTA sourced — licence verification required,Existing WAFD reference,,2026-07-21,فندق الماسة المدينة,Al Masa Hotel Madinah,OTA/brand matched
فندق روضة العقيق,المنطقة المركزية الغربية,المنطقة المركزية الغربية,المدينة المنورة,Hotel / Accommodation,مصدر حجز — يحتاج مطابقة الترخيص / OTA sourced — licence verification required,Existing WAFD reference,,2026-07-21,فندق روضة العقيق,Rawdat Al Aqeeq Hotel,OTA/brand matched
فندق بلنسية المدينة,المنطقة المركزية الغربية,المنطقة المركزية الغربية,المدينة المنورة,Hotel / Accommodation,مصدر حجز — يحتاج مطابقة الترخيص / OTA sourced — licence verification required,Existing WAFD reference,,2026-07-21,فندق بلنسية المدينة,Balensia Hotel,OTA/brand matched
فندق البسفور بلس,المنطقة المركزية الغربية,المنطقة المركزية الغربية,المدينة المنورة,Hotel / Accommodation,مصدر حجز — يحتاج مطابقة الترخيص / OTA sourced — licence verification required,Existing WAFD reference,,2026-07-21,فندق البسفور بلس,Bosphorus Plus Hotel,OTA/brand matched
فندق دار الإيمان النور,المنطقة المركزية الغربية,المنطقة المركزية الغربية,المدينة المنورة,Hotel / Accommodation,مصدر حجز — يحتاج مطابقة الترخيص / OTA sourced — licence verification required,Existing WAFD reference,,2026-07-21,فندق دار الإيمان النور,Dar Al Eiman Al Nour Hotel,OTA/brand matched
فندق كراون بلازا المدينة,المنطقة المركزية الجنوبية,طريق الملك فيصل، جنوب المسجد النبوي,المدينة المنورة,Hotel / Accommodation,مصدر حجز — يحتاج مطابقة الترخيص / OTA sourced — licence verification required,Existing WAFD reference,,2026-07-21,فندق كراون بلازا المدينة,Crowne Plaza Madinah by IHG,OTA/brand matched
فندق بولمان زمزم المدينة,المنطقة المركزية الجنوبية,شارع عمرو بن الجموح، قرب باب السلام,المدينة المنورة,Hotel / Accommodation,مصدر حجز — يحتاج مطابقة الترخيص / OTA sourced — licence verification required,Existing WAFD reference,,2026-07-21,فندق بولمان زمزم المدينة,Pullman Zamzam Madina,OTA/brand matched
فندق نيو المدينة,المنطقة المركزية الجنوبية,المنطقة المركزية الجنوبية,المدينة المنورة,Hotel / Accommodation,مصدر حجز — يحتاج مطابقة الترخيص / OTA sourced — licence verification required,Existing WAFD reference,,2026-07-21,فندق نيو المدينة,New Madinah Hotel,OTA/brand matched
فندق منازل الأسواف,المنطقة المركزية الجنوبية,طريق الملك عبدالعزيز، جنوب المسجد النبوي,المدينة المنورة,Hotel / Accommodation,مصدر حجز — يحتاج مطابقة الترخيص / OTA sourced — licence verification required,Existing WAFD reference,,2026-07-21,فندق منازل الأسواف,Manazil Al Aswaf Hotel,OTA/brand matched
فندق روتانا المسك,المنطقة المركزية الجنوبية,جنوب غرب المسجد النبوي,المدينة المنورة,Hotel / Accommodation,مصدر حجز — يحتاج مطابقة الترخيص / OTA sourced — licence verification required,Existing WAFD reference,,2026-07-21,فندق روتانا المسك,Rotana Al Mesk Hotel,OTA/brand matched
فندق إيلاف التقوى,المنطقة المركزية الجنوبية,شارع السلام، قرب المسجد النبوي,المدينة المنورة,Hotel / Accommodation,مصدر حجز — يحتاج مطابقة الترخيص / OTA sourced — licence verification required,Existing WAFD reference,,2026-07-21,فندق إيلاف التقوى,Elaf Al Taqwa Hotel,OTA/brand matched
فندق حياة بلازا,المنطقة المركزية الجنوبية,المنطقة المركزية الجنوبية,المدينة المنورة,Hotel / Accommodation,مصدر حجز — يحتاج مطابقة الترخيص / OTA sourced — licence verification required,Existing WAFD reference,,2026-07-21,فندق حياة بلازا,Hayah Plaza Hotel,OTA/brand matched
فندق روضة الصفوة,المنطقة المركزية الجنوبية,المنطقة المركزية الجنوبية,المدينة المنورة,Hotel / Accommodation,مصدر حجز — يحتاج مطابقة الترخيص / OTA sourced — licence verification required,Existing WAFD reference,,2026-07-21,فندق روضة الصفوة,Rawdat Al Safwa Hotel,OTA/brand matched
فندق فالِي المدينة,المنطقة المركزية الجنوبية,قرب المسجد النبوي,المدينة المنورة,Hotel / Accommodation,مصدر حجز — يحتاج مطابقة الترخيص / OTA sourced — licence verification required,Existing WAFD reference,,2026-07-21,فندق فالِي المدينة,VALY Al-Madinah Hotel,OTA/brand matched
فندق فيو المدينة,المنطقة المركزية الجنوبية,قرب المسجد النبوي,المدينة المنورة,Hotel / Accommodation,مصدر حجز — يحتاج مطابقة الترخيص / OTA sourced — licence verification required,Existing WAFD reference,,2026-07-21,فندق فيو المدينة,View Al Madinah Hotel,OTA/brand matched
فندق مسك البلد,المنطقة المركزية الجنوبية,قرب المسجد النبوي,المدينة المنورة,Hotel / Accommodation,مصدر حجز — يحتاج مطابقة الترخيص / OTA sourced — licence verification required,Existing WAFD reference,,2026-07-21,فندق مسك البلد,Mysk Al Balad,OTA/brand matched
فندق وقف عثمان بن عفان,المنطقة المركزية,المنطقة المركزية، المدينة المنورة,المدينة المنورة,Hotel / Accommodation,مصدر حجز — يحتاج مطابقة الترخيص / OTA sourced — licence verification required,Existing WAFD reference,,2026-07-21,فندق وقف عثمان بن عفان,Waqf Othman Bin Affan Hotel,OTA/brand matched
فندق الأندلس بالاس,المنطقة المركزية,المنطقة المركزية، المدينة المنورة,المدينة المنورة,Hotel / Accommodation,مصدر حجز — يحتاج مطابقة الترخيص / OTA sourced — licence verification required,Existing WAFD reference,,2026-07-21,فندق الأندلس بالاس,Al Andalus Palace Hotel,OTA/brand matched
فندق روف المدينة,المنطقة المركزية,المنطقة المركزية، المدينة المنورة,المدينة المنورة,Hotel / Accommodation,مصدر حجز — يحتاج مطابقة الترخيص / OTA sourced — licence verification required,Existing WAFD reference,,2026-07-21,فندق روف المدينة,Ruve Al Madinah Hotel,OTA/brand matched
فندق نُسك الهجرة,المنطقة المركزية,المنطقة المركزية، المدينة المنورة,المدينة المنورة,Hotel / Accommodation,مصدر حجز — يحتاج مطابقة الترخيص / OTA sourced — licence verification required,Existing WAFD reference,,2026-07-21,فندق نُسك الهجرة,Nusk Al Hijrah Hotel,OTA/brand matched
فندق نُسك الروضة,المنطقة المركزية,المنطقة المركزية، المدينة المنورة,المدينة المنورة,Hotel / Accommodation,مصدر حجز — يحتاج مطابقة الترخيص / OTA sourced — licence verification required,Existing WAFD reference,,2026-07-21,فندق نُسك الروضة,Nusk Al Rawda Hotel,OTA/brand matched
فندق رؤى الأندلس البلاتيني,المنطقة المركزية,المنطقة المركزية، المدينة المنورة,المدينة المنورة,Hotel / Accommodation,مصدر حجز — يحتاج مطابقة الترخيص / OTA sourced — licence verification required,Existing WAFD reference,,2026-07-21,فندق رؤى الأندلس البلاتيني,Roaa Alandalus Platinum Hotel,OTA/brand matched
فندق دار الإيمان الحرم,المنطقة المركزية,المنطقة المركزية، المدينة المنورة,المدينة المنورة,Hotel / Accommodation,مصدر حجز — يحتاج مطابقة الترخيص / OTA sourced — licence verification required,Existing WAFD reference,,2026-07-21,فندق دار الإيمان الحرم,Dar Al Eiman Al Haram Hotel,OTA/brand matched
فندق طيبة روز,المنطقة المركزية,المنطقة المركزية، المدينة المنورة,المدينة المنورة,Hotel / Accommodation,مصدر حجز — يحتاج مطابقة الترخيص / OTA sourced — licence verification required,Existing WAFD reference,,2026-07-21,فندق طيبة روز,Taiba Rose Hotel,OTA/brand matched
فندق إيلاف المشاعر,المنطقة المركزية,المنطقة المركزية، المدينة المنورة,المدينة المنورة,Hotel / Accommodation,مصدر حجز — يحتاج مطابقة الترخيص / OTA sourced — licence verification required,Existing WAFD reference,,2026-07-21,فندق إيلاف المشاعر,Elaf Al Mashaer Hotel,OTA/brand matched
فندق لو ميريديان المدينة,الخالدية,طريق خالد بن الوليد، المدينة المنورة,المدينة المنورة,Hotel / Accommodation,مصدر حجز — يحتاج مطابقة الترخيص / OTA sourced — licence verification required,Existing WAFD reference,,2026-07-21,فندق لو ميريديان المدينة,Le Méridien Medina,OTA/brand matched
فندق ماريوت المدينة,قرب المنطقة المركزية,المدينة المنورة,المدينة المنورة,Hotel / Accommodation,مصدر حجز — يحتاج مطابقة الترخيص / OTA sourced — licence verification required,Existing WAFD reference,,2026-07-21,فندق ماريوت المدينة,Madinah Marriott Hotel,OTA/brand matched
فندق راديسون المدينة,العريض,طريق الملك عبدالله، المدينة المنورة,المدينة المنورة,Hotel / Accommodation,مصدر حجز — يحتاج مطابقة الترخيص / OTA sourced — licence verification required,Existing WAFD reference,,2026-07-21,فندق راديسون المدينة,Radisson Hotel Madinah,OTA/brand matched
فندق ميلينيوم مطار المدينة,مطار الأمير محمد بن عبدالعزيز,طريق المطار، المدينة المنورة,المدينة المنورة,Hotel / Accommodation,مصدر حجز — يحتاج مطابقة الترخيص / OTA sourced — licence verification required,Existing WAFD reference,,2026-07-21,فندق ميلينيوم مطار المدينة,Millennium Madinah Airport,OTA/brand matched
فندق هافن بلازا,قربان,طريق قربان، المدينة المنورة,المدينة المنورة,Hotel / Accommodation,مصدر حجز — يحتاج مطابقة الترخيص / OTA sourced — licence verification required,Existing WAFD reference,,2026-07-21,فندق هافن بلازا,Haven Plaza Hotel,OTA/brand matched
فندق جولدن جاردن,العريض,العريض، المدينة المنورة,المدينة المنورة,Hotel / Accommodation,مصدر حجز — يحتاج مطابقة الترخيص / OTA sourced — licence verification required,Existing WAFD reference,,2026-07-21,فندق جولدن جاردن,Golden Garden Hotel,OTA/brand matched
فندق ديلانو المدينة,العريض,العريض، المدينة المنورة,المدينة المنورة,Hotel / Accommodation,مصدر حجز — يحتاج مطابقة الترخيص / OTA sourced — licence verification required,Existing WAFD reference,,2026-07-21,فندق ديلانو المدينة,Delano Al Madinah Hotel,OTA/brand matched
فندق ساس رتل,شظاة,شظاة، المدينة المنورة,المدينة المنورة,Hotel / Accommodation,مصدر حجز — يحتاج مطابقة الترخيص / OTA sourced — licence verification required,Existing WAFD reference,,2026-07-21,فندق ساس رتل,SAS RTL Hotel,OTA/brand matched
فندق مورايا,العريض,العريض، المدينة المنورة,المدينة المنورة,Hotel / Accommodation,مصدر حجز — يحتاج مطابقة الترخيص / OTA sourced — licence verification required,Existing WAFD reference,,2026-07-21,فندق مورايا,Moraya Hotel,OTA/brand matched
فندق وايت دايموند,العريض,العريض، المدينة المنورة,المدينة المنورة,Hotel / Accommodation,مصدر حجز — يحتاج مطابقة الترخيص / OTA sourced — licence verification required,Existing WAFD reference,,2026-07-21,فندق وايت دايموند,White Diamond Hotel,OTA/brand matched
فندق جادة المدينة,قربان,قربان، المدينة المنورة,المدينة المنورة,Hotel / Accommodation,مصدر حجز — يحتاج مطابقة الترخيص / OTA sourced — licence verification required,Existing WAFD reference,,2026-07-21,فندق جادة المدينة,Jadah Al Madinah Hotel,OTA/brand matched
فندق إي هوتيل,العريض,العريض، المدينة المنورة,المدينة المنورة,Hotel / Accommodation,مصدر حجز — يحتاج مطابقة الترخيص / OTA sourced — licence verification required,Existing WAFD reference,,2026-07-21,فندق إي هوتيل,E Hotel,OTA/brand matched
فندق العلياء,العنبرية,العنبرية، المدينة المنورة,المدينة المنورة,Hotel / Accommodation,مصدر حجز — يحتاج مطابقة الترخيص / OTA sourced — licence verification required,Existing WAFD reference,,2026-07-21,فندق العلياء,Al Alya Hotel,OTA/brand matched
فندق العييري 14,العزيزية,العزيزية، المدينة المنورة,المدينة المنورة,Hotel / Accommodation,مصدر حجز — يحتاج مطابقة الترخيص / OTA sourced — licence verification required,Existing WAFD reference,,2026-07-21,فندق العييري 14,Al Eairy Apartments Madinah 14,OTA/brand matched
فندق أجنحة المها,العزيزية,العزيزية، المدينة المنورة,المدينة المنورة,Hotel / Accommodation,مصدر حجز — يحتاج مطابقة الترخيص / OTA sourced — licence verification required,Existing WAFD reference,,2026-07-21,فندق أجنحة المها,Al Maha Suites,OTA/brand matched
فندق ساس دارك,القصواء,القصواء، المدينة المنورة,المدينة المنورة,Hotel / Accommodation,مصدر حجز — يحتاج مطابقة الترخيص / OTA sourced — licence verification required,Existing WAFD reference,,2026-07-21,فندق ساس دارك,SAS Dark Hotel,OTA/brand matched
فندق بلاتينيوم الأول,العزيزية,العزيزية، المدينة المنورة,المدينة المنورة,Hotel / Accommodation,مصدر حجز — يحتاج مطابقة الترخيص / OTA sourced — licence verification required,Existing WAFD reference,,2026-07-21,فندق بلاتينيوم الأول,Platinum The First,OTA/brand matched
فندق شذا الضيافة,العريض,العريض، المدينة المنورة,المدينة المنورة,Hotel / Accommodation,مصدر حجز — يحتاج مطابقة الترخيص / OTA sourced — licence verification required,Existing WAFD reference,,2026-07-21,فندق شذا الضيافة,Shaza Al Diyafa Hotel,OTA/brand matched
فندق أجنحة جادة قباء,قباء,طريق قباء، المدينة المنورة,المدينة المنورة,Hotel / Accommodation,مصدر حجز — يحتاج مطابقة الترخيص / OTA sourced — licence verification required,Existing WAFD reference,,2026-07-21,فندق أجنحة جادة قباء,Jadah Quba Suites,OTA/brand matched
فندق قباء العزيزية,قباء,قرب مسجد قباء، المدينة المنورة,المدينة المنورة,Hotel / Accommodation,مصدر حجز — يحتاج مطابقة الترخيص / OTA sourced — licence verification required,Existing WAFD reference,,2026-07-21,فندق قباء العزيزية,Quba Al Aziziyah Hotel,OTA/brand matched
فندق الحمراء بلس,العريض,العريض، المدينة المنورة,المدينة المنورة,Hotel / Accommodation,مصدر حجز — يحتاج مطابقة الترخيص / OTA sourced — licence verification required,Existing WAFD reference,,2026-07-21,فندق الحمراء بلس,Al Hamra Plus Hotel,OTA/brand matched
فندق الوردة البيضاء,العريض,العريض، المدينة المنورة,المدينة المنورة,Hotel / Accommodation,مصدر حجز — يحتاج مطابقة الترخيص / OTA sourced — licence verification required,Existing WAFD reference,,2026-07-21,فندق الوردة البيضاء,White Rose Hotel,OTA/brand matched
فندق سكون,العريض,العريض، المدينة المنورة,المدينة المنورة,Hotel / Accommodation,مصدر حجز — يحتاج مطابقة الترخيص / OTA sourced — licence verification required,Existing WAFD reference,,2026-07-21,فندق سكون,Sukoon Hotel,OTA/brand matched
فندق ديم المدينة,شظاة,شظاة، المدينة المنورة,المدينة المنورة,Hotel / Accommodation,مصدر حجز — يحتاج مطابقة الترخيص / OTA sourced — licence verification required,Existing WAFD reference,,2026-07-21,فندق ديم المدينة,Deem Almadina Hotel,OTA/brand matched
فندق إمضاء النزيل,شظاة,شظاة، المدينة المنورة,المدينة المنورة,Hotel / Accommodation,مصدر حجز — يحتاج مطابقة الترخيص / OTA sourced — licence verification required,Existing WAFD reference,,2026-07-21,فندق إمضاء النزيل,Imdaa Al Nazil Hotel,OTA/brand matched
فندق ون نايت,شظاة,شظاة، المدينة المنورة,المدينة المنورة,Hotel / Accommodation,مصدر حجز — يحتاج مطابقة الترخيص / OTA sourced — licence verification required,Existing WAFD reference,,2026-07-21,فندق ون نايت,One Night Hotel,OTA/brand matched
فندق تريبُل ثري,قرب المطار,طريق المطار، المدينة المنورة,المدينة المنورة,Hotel / Accommodation,مصدر حجز — يحتاج مطابقة الترخيص / OTA sourced — licence verification required,Existing WAFD reference,,2026-07-21,فندق تريبُل ثري,Triple Three Hotel,OTA/brand matched
فندق أنسام طيبة,العريض,العريض، المدينة المنورة,المدينة المنورة,Hotel / Accommodation,مصدر حجز — يحتاج مطابقة الترخيص / OTA sourced — licence verification required,Existing WAFD reference,,2026-07-21,فندق أنسام طيبة,Ansam Taiba Hotel,OTA/brand matched
فندق دار الإيمان السلام,العنبرية,العنبرية، المدينة المنورة,المدينة المنورة,Hotel / Accommodation,مصدر حجز — يحتاج مطابقة الترخيص / OTA sourced — licence verification required,Existing WAFD reference,,2026-07-21,فندق دار الإيمان السلام,Dar Al Eiman Al Salam Hotel,OTA/brand matched
فندق دار الإيمان قباء,قباء,طريق قباء، المدينة المنورة,المدينة المنورة,Hotel / Accommodation,مصدر حجز — يحتاج مطابقة الترخيص / OTA sourced — licence verification required,Existing WAFD reference,,2026-07-21,فندق دار الإيمان قباء,Dar Al Eiman Quba Hotel,OTA/brand matched
فندق الضيافة الذهبية,العريض,العريض، المدينة المنورة,المدينة المنورة,Hotel / Accommodation,مصدر حجز — يحتاج مطابقة الترخيص / OTA sourced — licence verification required,Existing WAFD reference,,2026-07-21,فندق الضيافة الذهبية,Golden Diyafa Hotel,OTA/brand matched
فندق الروضة العقيق,العريض,العريض، المدينة المنورة,المدينة المنورة,Hotel / Accommodation,مصدر حجز — يحتاج مطابقة الترخيص / OTA sourced — licence verification required,Existing WAFD reference,,2026-07-21,فندق الروضة العقيق,Al Rawda Al Aqeeq Hotel,OTA/brand matched
فندق بيوت قباء,قباء,قباء، المدينة المنورة,المدينة المنورة,Hotel / Accommodation,مصدر حجز — يحتاج مطابقة الترخيص / OTA sourced — licence verification required,Existing WAFD reference,,2026-07-21,فندق بيوت قباء,Buyut Quba Hotel,OTA/brand matched
فندق هوم تل,العريض,العريض، المدينة المنورة,المدينة المنورة,Hotel / Accommodation,مصدر حجز — يحتاج مطابقة الترخيص / OTA sourced — licence verification required,Existing WAFD reference,,2026-07-21,فندق هوم تل,Home Tel Hotel,OTA/brand matched
فندق نرسيان طيبة,العريض,العريض، المدينة المنورة,المدينة المنورة,Hotel / Accommodation,مصدر حجز — يحتاج مطابقة الترخيص / OTA sourced — licence verification required,Existing WAFD reference,,2026-07-21,فندق نرسيان طيبة,Narsian Taiba Hotel,OTA/brand matched
فندق دار الشروق,العريض,العريض، المدينة المنورة,المدينة المنورة,Hotel / Accommodation,مصدر حجز — يحتاج مطابقة الترخيص / OTA sourced — licence verification required,Existing WAFD reference,,2026-07-21,فندق دار الشروق,Dar Al Shorouq Hotel,OTA/brand matched
فندق طيبة فيو,العريض,العريض، المدينة المنورة,المدينة المنورة,Hotel / Accommodation,مصدر حجز — يحتاج مطابقة الترخيص / OTA sourced — licence verification required,Existing WAFD reference,,2026-07-21,فندق طيبة فيو,Taiba View Hotel,OTA/brand matched
فندق مكارم برج المدينة,المنطقة المركزية,المدينة المنورة,المدينة المنورة,Hotel / Accommodation,مصدر حجز — يحتاج مطابقة الترخيص / OTA sourced — licence verification required,Existing WAFD reference,,2026-07-21,فندق مكارم برج المدينة,Makarem Burj Al Madinah Hotel,OTA/brand matched
فندق بنينسولا ورث,المنطقة المركزية,المدينة المنورة,المدينة المنورة,Hotel / Accommodation,مصدر حجز — يحتاج مطابقة الترخيص / OTA sourced — licence verification required,Existing WAFD reference,,2026-07-21,فندق بنينسولا ورث,Peninsula Worth Hotel,OTA/brand matched
فندق جادة ريزيدنس باي سي إتش,خارج المنطقة المركزية,المدينة المنورة,المدينة المنورة,Hotel / Accommodation,مصدر حجز — يحتاج مطابقة الترخيص / OTA sourced — licence verification required,Existing WAFD reference,,2026-07-21,فندق جادة ريزيدنس باي سي إتش,Jadah Residence-BY CH,OTA/brand matched
فندق فينيو الحارثية,المنطقة المركزية الشمالية,قرب المسجد النبوي,المدينة المنورة,Hotel / Accommodation,مصدر حجز — يحتاج مطابقة الترخيص / OTA sourced — licence verification required,Existing WAFD reference,,2026-07-21,فندق فينيو الحارثية,The Venue Al Harithia Hotel,OTA/brand matched
فندق ذا بلتمور المدينة,المنطقة المركزية,المدينة المنورة,المدينة المنورة,Hotel / Accommodation,مصدر حجز — يحتاج مطابقة الترخيص / OTA sourced — licence verification required,Existing WAFD reference,,2026-07-21,فندق ذا بلتمور المدينة,The Biltmore Almadinah Hotel,OTA/brand matched
فندق جراند ميلينيوم الحرم,المنطقة المركزية,قرب المسجد النبوي,المدينة المنورة,Hotel / Accommodation,مصدر حجز — يحتاج مطابقة الترخيص / OTA sourced — licence verification required,Existing WAFD reference,,2026-07-21,فندق جراند ميلينيوم الحرم,Grand Millennium Al Haram,OTA/brand matched
فندق روتانا المناخة المدينة,المنطقة المركزية,المدينة المنورة,المدينة المنورة,Hotel / Accommodation,مصدر حجز — يحتاج مطابقة الترخيص / OTA sourced — licence verification required,Existing WAFD reference,,2026-07-21,فندق روتانا المناخة المدينة,Rotana Al Manakha Madinah,OTA/brand matched
فندق جيور المدينة,المنطقة المركزية,قرب المسجد النبوي,المدينة المنورة,Hotel / Accommodation,مصدر حجز — يحتاج مطابقة الترخيص / OTA sourced — licence verification required,Existing WAFD reference,,2026-07-21,فندق جيور المدينة,Jiwar Al Madina Hotel,OTA/brand matched
فندق إيوا إكسبريس المدينة,خارج المنطقة المركزية,المدينة المنورة,المدينة المنورة,Hotel / Accommodation,مصدر حجز — يحتاج مطابقة الترخيص / OTA sourced — licence verification required,Existing WAFD reference,,2026-07-21,فندق إيوا إكسبريس المدينة,Ewaa Express Hotel Madinah,OTA/brand matched
فندق آفال,خارج المنطقة المركزية,المدينة المنورة,المدينة المنورة,Hotel / Accommodation,مصدر حجز — يحتاج مطابقة الترخيص / OTA sourced — licence verification required,Existing WAFD reference,,2026-07-21,فندق آفال,AVAL Hotel,OTA/brand matched
فندق سيجنتشر جيست المدينة,خارج المنطقة المركزية,المدينة المنورة,المدينة المنورة,Hotel / Accommodation,مصدر حجز — يحتاج مطابقة الترخيص / OTA sourced — licence verification required,Existing WAFD reference,,2026-07-21,فندق سيجنتشر جيست المدينة,Signature Guest Hotel Al Madinah,OTA/brand matched
فندق دار الرضا,خارج المنطقة المركزية,المدينة المنورة,المدينة المنورة,Hotel / Accommodation,مصدر حجز — يحتاج مطابقة الترخيص / OTA sourced — licence verification required,Existing WAFD reference,,2026-07-21,فندق دار الرضا,Dar Al Reda,OTA/brand matched
فندق ميراج السلام,المنطقة المركزية,المدينة المنورة,المدينة المنورة,Hotel / Accommodation,مصدر حجز — يحتاج مطابقة الترخيص / OTA sourced — licence verification required,Existing WAFD reference,,2026-07-21,فندق ميراج السلام,Mirage Al Salam,OTA/brand matched
فندق سرايا طابة,المنطقة المركزية,المدينة المنورة,المدينة المنورة,Hotel / Accommodation,مصدر حجز — يحتاج مطابقة الترخيص / OTA sourced — licence verification required,Existing WAFD reference,,2026-07-21,فندق سرايا طابة,Saraya Taba Hotel,OTA/brand matched
فندق زها المدينة,خارج المنطقة المركزية,المدينة المنورة,المدينة المنورة,Hotel / Accommodation,مصدر حجز — يحتاج مطابقة الترخيص / OTA sourced — licence verification required,Existing WAFD reference,,2026-07-21,فندق زها المدينة,Zaha Al Madina Hotel,OTA/brand matched
فندق درة الإيمان,المنطقة المركزية,المدينة المنورة,المدينة المنورة,Hotel / Accommodation,مصدر حجز — يحتاج مطابقة الترخيص / OTA sourced — licence verification required,Existing WAFD reference,,2026-07-21,فندق درة الإيمان,Durrat Al Eiman Hotel,OTA/brand matched
فندق ديار المدينة,خارج المنطقة المركزية,المدينة المنورة,المدينة المنورة,Hotel / Accommodation,مصدر حجز — يحتاج مطابقة الترخيص / OTA sourced — licence verification required,Existing WAFD reference,,2026-07-21,فندق ديار المدينة,Diyar Al Madina Hotel,OTA/brand matched
فندق منازل الصافية,المنطقة المركزية,المدينة المنورة,المدينة المنورة,Hotel / Accommodation,مصدر حجز — يحتاج مطابقة الترخيص / OTA sourced — licence verification required,Existing WAFD reference,,2026-07-21,فندق منازل الصافية,Manazil Al Safia Hotel,OTA/brand matched
فندق المدينة الذهبي,المنطقة المركزية,المدينة المنورة,المدينة المنورة,Hotel / Accommodation,مصدر حجز — يحتاج مطابقة الترخيص / OTA sourced — licence verification required,Existing WAFD reference,,2026-07-21,فندق المدينة الذهبي,Al Madina Golden Hotel,OTA/brand matched
فندق نزل الهجرة,المنطقة المركزية,المدينة المنورة,المدينة المنورة,Hotel / Accommodation,مصدر حجز — يحتاج مطابقة الترخيص / OTA sourced — licence verification required,Existing WAFD reference,,2026-07-21,فندق نزل الهجرة,Nozol Al Hijrah Hotel,OTA/brand matched
Anwar Al Madinah Mövenpick Hotel,,,المدينة المنورة,Hotel / Accommodation,مصدر حجز — يحتاج مطابقة الترخيص / OTA sourced — licence verification required,Expedia Madinah all-properties directory,https://www.expedia.co.uk/All-Madinah-Hotels.d602705.Travel-Guide-City-All-Hotels,2026-07-21,فندق أنوار المدينة موفنبيك,Anwar Al Madinah Mövenpick Hotel,OTA English + standardized Arabic
Pullman Zamzam Madina,,,المدينة المنورة,Hotel / Accommodation,مصدر حجز — يحتاج مطابقة الترخيص / OTA sourced — licence verification required,Expedia Madinah all-properties directory,https://www.expedia.co.uk/All-Madinah-Hotels.d602705.Travel-Guide-City-All-Hotels,2026-07-21,فندق بولمان زمزم المدينة,Pullman Zamzam Madina,OTA English + standardized Arabic
Sofitel Shahd Al Madinah,,,المدينة المنورة,Hotel / Accommodation,مصدر حجز — يحتاج مطابقة الترخيص / OTA sourced — licence verification required,Expedia Madinah all-properties directory,https://www.expedia.co.uk/All-Madinah-Hotels.d602705.Travel-Guide-City-All-Hotels,2026-07-21,فندق سوفيتيل شهد المدينة,Sofitel Shahd Al Madinah,OTA English + standardized Arabic
Saja Al Madinah Hotel,,,المدينة المنورة,Hotel / Accommodation,مصدر حجز — يحتاج مطابقة الترخيص / OTA sourced — licence verification required,Expedia Madinah all-properties directory,https://www.expedia.co.uk/All-Madinah-Hotels.d602705.Travel-Guide-City-All-Hotels,2026-07-21,فندق سجى المدينة,Saja Al Madinah Hotel,OTA English + standardized Arabic
Millennium Al Aqeeq Hotel,,,المدينة المنورة,Hotel / Accommodation,مصدر حجز — يحتاج مطابقة الترخيص / OTA sourced — licence verification required,Expedia Madinah all-properties directory,https://www.expedia.co.uk/All-Madinah-Hotels.d602705.Travel-Guide-City-All-Hotels,2026-07-21,فندق ميلينيوم العقيق,Millennium Al Aqeeq Hotel,OTA English + standardized Arabic
Makarem Burj Al Madinah Hotel and Suites,,,المدينة المنورة,Hotel / Accommodation,مصدر حجز — يحتاج مطابقة الترخيص / OTA sourced — licence verification required,Expedia Madinah all-properties directory,https://www.expedia.co.uk/All-Madinah-Hotels.d602705.Travel-Guide-City-All-Hotels,2026-07-21,أجنحة مكارم بورج المدينة,Makarem Burj Al Madinah Hotel and Suites,OTA English + standardized Arabic
Novotel Madinah,,,المدينة المنورة,Hotel / Accommodation,مصدر حجز — يحتاج مطابقة الترخيص / OTA sourced — licence verification required,Expedia Madinah all-properties directory,https://www.expedia.co.uk/All-Madinah-Hotels.d602705.Travel-Guide-City-All-Hotels,2026-07-21,نوفوتيل المدينة,Novotel Madinah,OTA English + standardized Arabic
Millennium Taiba Hotel,,,المدينة المنورة,Hotel / Accommodation,مصدر حجز — يحتاج مطابقة الترخيص / OTA sourced — licence verification required,Expedia Madinah all-properties directory,https://www.expedia.co.uk/All-Madinah-Hotels.d602705.Travel-Guide-City-All-Hotels,2026-07-21,فندق ميلينيوم طيبة,Millennium Taiba Hotel,OTA English + standardized Arabic
Golden Tulip Al Zahabi,,,المدينة المنورة,Hotel / Accommodation,مصدر حجز — يحتاج مطابقة الترخيص / OTA sourced — licence verification required,Expedia Madinah all-properties directory,https://www.expedia.co.uk/All-Madinah-Hotels.d602705.Travel-Guide-City-All-Hotels,2026-07-21,جولدن توليب الذهبي,Golden Tulip Al Zahabi,OTA English + standardized Arabic
Peninsula Worth Hotel,,,المدينة المنورة,Hotel / Accommodation,مصدر حجز — يحتاج مطابقة الترخيص / OTA sourced — licence verification required,Expedia Madinah all-properties directory,https://www.expedia.co.uk/All-Madinah-Hotels.d602705.Travel-Guide-City-All-Hotels,2026-07-21,فندق بنينسولا ورث,Peninsula Worth Hotel,OTA English + standardized Arabic
Rasia Hotel Madinah,,,المدينة المنورة,Hotel / Accommodation,مصدر حجز — يحتاج مطابقة الترخيص / OTA sourced — licence verification required,Expedia Madinah all-properties directory,https://www.expedia.co.uk/All-Madinah-Hotels.d602705.Travel-Guide-City-All-Hotels,2026-07-21,فندق راسيا المدينة,Rasia Hotel Madinah,OTA English + standardized Arabic
Zaha Taiba Hotel,,,المدينة المنورة,Hotel / Accommodation,مصدر حجز — يحتاج مطابقة الترخيص / OTA sourced — licence verification required,Expedia Madinah all-properties directory,https://www.expedia.co.uk/All-Madinah-Hotels.d602705.Travel-Guide-City-All-Hotels,2026-07-21,فندق زها طيبة,Zaha Taiba Hotel,OTA English + standardized Arabic
Intercontinental Madinah - Dar Al Iman by IHG,,,المدينة المنورة,Hotel / Accommodation,مصدر حجز — يحتاج مطابقة الترخيص / OTA sourced — licence verification required,Expedia Madinah all-properties directory,https://www.expedia.co.uk/All-Madinah-Hotels.d602705.Travel-Guide-City-All-Hotels,2026-07-21,إنتركونتيننتالمدينة دار الإيمان من آي إتش جي,Intercontinental Madinah - Dar Al Iman by IHG,OTA English + standardized Arabic
Jiwar Al Madina Hotel,,,المدينة المنورة,Hotel / Accommodation,مصدر حجز — يحتاج مطابقة الترخيص / OTA sourced — licence verification required,Expedia Madinah all-properties directory,https://www.expedia.co.uk/All-Madinah-Hotels.d602705.Travel-Guide-City-All-Hotels,2026-07-21,فندق جيور المدينة,Jiwar Al Madina Hotel,OTA English + standardized Arabic
Elaf Al Taqwa Hotel,,,المدينة المنورة,Hotel / Accommodation,مصدر حجز — يحتاج مطابقة الترخيص / OTA sourced — licence verification required,Expedia Madinah all-properties directory,https://www.expedia.co.uk/All-Madinah-Hotels.d602705.Travel-Guide-City-All-Hotels,2026-07-21,فندق إيلاف التقوى,Elaf Al Taqwa Hotel,OTA English + standardized Arabic
Taiba Front Hotel,,,المدينة المنورة,Hotel / Accommodation,مصدر حجز — يحتاج مطابقة الترخيص / OTA sourced — licence verification required,Expedia Madinah all-properties directory,https://www.expedia.co.uk/All-Madinah-Hotels.d602705.Travel-Guide-City-All-Hotels,2026-07-21,فندق طيبة فرونت,Taiba Front Hotel,OTA English + standardized Arabic
Rotana Al Manakha Madinah,,,المدينة المنورة,Hotel / Accommodation,مصدر حجز — يحتاج مطابقة الترخيص / OTA sourced — licence verification required,Expedia Madinah all-properties directory,https://www.expedia.co.uk/All-Madinah-Hotels.d602705.Travel-Guide-City-All-Hotels,2026-07-21,فندق روتانا المناخة المدينة,Rotana Al Manakha Madinah,OTA English + standardized Arabic
MADINAH ARAM HOTEL,,,المدينة المنورة,Hotel / Accommodation,مصدر حجز — يحتاج مطابقة الترخيص / OTA sourced — licence verification required,Expedia Madinah all-properties directory,https://www.expedia.co.uk/All-Madinah-Hotels.d602705.Travel-Guide-City-All-Hotels,2026-07-21,فندق المدينة أرام,MADINAH ARAM HOTEL,OTA English + standardized Arabic
Aya Hostel For Shared Bedrooms,,,المدينة المنورة,Hotel / Accommodation,مصدر حجز — يحتاج مطابقة الترخيص / OTA sourced — licence verification required,Expedia Madinah all-properties directory,https://www.expedia.co.uk/All-Madinah-Hotels.d602705.Travel-Guide-City-All-Hotels,2026-07-21,نزل آية فور غرف مشتركة,Aya Hostel For Shared Bedrooms,OTA English + standardized Arabic
Madinah Hilton,,,المدينة المنورة,Hotel / Accommodation,مصدر حجز — يحتاج مطابقة الترخيص / OTA sourced — licence verification required,Expedia Madinah all-properties directory,https://www.expedia.co.uk/All-Madinah-Hotels.d602705.Travel-Guide-City-All-Hotels,2026-07-21,فندق المدينة هيلتون,Madinah Hilton,OTA English + standardized Arabic
Makarem Haram View Suites - Madinah,,,المدينة المنورة,Hotel / Accommodation,مصدر حجز — يحتاج مطابقة الترخيص / OTA sourced — licence verification required,Expedia Madinah all-properties directory,https://www.expedia.co.uk/All-Madinah-Hotels.d602705.Travel-Guide-City-All-Hotels,2026-07-21,أجنحة مكارم الحرم فيو المدينة,Makarem Haram View Suites - Madinah,OTA English + standardized Arabic
Sidra Alia AL-DAHABI hotel - فندق السدرة العالية الذهبي,,,المدينة المنورة,Hotel / Accommodation,مصدر حجز — يحتاج مطابقة الترخيص / OTA sourced — licence verification required,Expedia Madinah all-properties directory,https://www.expedia.co.uk/All-Madinah-Hotels.d602705.Travel-Guide-City-All-Hotels,2026-07-21,فندق السدرة العالية الذهبي,Sidra Alia AL DAHABI hotel,Bilingual source row
MASA AL NAJWA,,,المدينة المنورة,Hotel / Accommodation,مصدر حجز — يحتاج مطابقة الترخيص / OTA sourced — licence verification required,Expedia Madinah all-properties directory,https://www.expedia.co.uk/All-Madinah-Hotels.d602705.Travel-Guide-City-All-Hotels,2026-07-21,ماسة النجوى,MASA AL NAJWA,OTA English + standardized Arabic
Gulnar Taiba Hotel,,,المدينة المنورة,Hotel / Accommodation,مصدر حجز — يحتاج مطابقة الترخيص / OTA sourced — licence verification required,Expedia Madinah all-properties directory,https://www.expedia.co.uk/All-Madinah-Hotels.d602705.Travel-Guide-City-All-Hotels,2026-07-21,فندق جلنار طيبة,Gulnar Taiba Hotel,OTA English + standardized Arabic
GOLDEN TULIP AL SHAKREEN,,,المدينة المنورة,Hotel / Accommodation,مصدر حجز — يحتاج مطابقة الترخيص / OTA sourced — licence verification required,Expedia Madinah all-properties directory,https://www.expedia.co.uk/All-Madinah-Hotels.d602705.Travel-Guide-City-All-Hotels,2026-07-21,فندق نزل الشاكرين,GOLDEN TULIP AL SHAKREEN,OTA English + standardized Arabic
Sky View Hotel Madinah,,,المدينة المنورة,Hotel / Accommodation,مصدر حجز — يحتاج مطابقة الترخيص / OTA sourced — licence verification required,Expedia Madinah all-properties directory,https://www.expedia.co.uk/All-Madinah-Hotels.d602705.Travel-Guide-City-All-Hotels,2026-07-21,فندق سكاي فيو المدينة,Sky View Hotel Madinah,OTA English + standardized Arabic
Crowne Plaza Madinah by IHG,,,المدينة المنورة,Hotel / Accommodation,مصدر حجز — يحتاج مطابقة الترخيص / OTA sourced — licence verification required,Expedia Madinah all-properties directory,https://www.expedia.co.uk/All-Madinah-Hotels.d602705.Travel-Guide-City-All-Hotels,2026-07-21,فندق كراون بلازا المدينة,Crowne Plaza Madinah by IHG,OTA English + standardized Arabic
The Biltmore Almadinah Hotel,,,المدينة المنورة,Hotel / Accommodation,مصدر حجز — يحتاج مطابقة الترخيص / OTA sourced — licence verification required,Expedia Madinah all-properties directory,https://www.expedia.co.uk/All-Madinah-Hotels.d602705.Travel-Guide-City-All-Hotels,2026-07-21,فندق ذا بلتمور المدينة,The Biltmore Almadinah Hotel,OTA English + standardized Arabic
InterContinental Dar Al Hijra Madinah by IHG,,,المدينة المنورة,Hotel / Accommodation,مصدر حجز — يحتاج مطابقة الترخيص / OTA sourced — licence verification required,Expedia Madinah all-properties directory,https://www.expedia.co.uk/All-Madinah-Hotels.d602705.Travel-Guide-City-All-Hotels,2026-07-21,فندق إنتركونتيننتال دار الهجرة,InterContinental Dar Al Hijra Madinah by IHG,OTA English + standardized Arabic
Grand AL-Shahbaa,,,المدينة المنورة,Hotel / Accommodation,مصدر حجز — يحتاج مطابقة الترخيص / OTA sourced — licence verification required,Expedia Madinah all-properties directory,https://www.expedia.co.uk/All-Madinah-Hotels.d602705.Travel-Guide-City-All-Hotels,2026-07-21,جراند الشهباء,Grand AL-Shahbaa,OTA English + standardized Arabic
"Diyar Ajwa, Tapestry Collection By Hilton",,,المدينة المنورة,Hotel / Accommodation,مصدر حجز — يحتاج مطابقة الترخيص / OTA sourced — licence verification required,Expedia Madinah all-properties directory,https://www.expedia.co.uk/All-Madinah-Hotels.d602705.Travel-Guide-City-All-Hotels,2026-07-21,ديار اجوا تابستري كوليكشن من هيلتون,"Diyar Ajwa, Tapestry Collection By Hilton",OTA English + standardized Arabic
DoubleTree By Hilton Madinah Gate,,,المدينة المنورة,Hotel / Accommodation,مصدر حجز — يحتاج مطابقة الترخيص / OTA sourced — licence verification required,Expedia Madinah all-properties directory,https://www.expedia.co.uk/All-Madinah-Hotels.d602705.Travel-Guide-City-All-Hotels,2026-07-21,دبل تري من هيلتون المدينة جيت,DoubleTree By Hilton Madinah Gate,OTA English + standardized Arabic
Jayden Hotel,,,المدينة المنورة,Hotel / Accommodation,مصدر حجز — يحتاج مطابقة الترخيص / OTA sourced — licence verification required,Expedia Madinah all-properties directory,https://www.expedia.co.uk/All-Madinah-Hotels.d602705.Travel-Guide-City-All-Hotels,2026-07-21,فندق جايدن,Jayden Hotel,OTA English + standardized Arabic
Waqf Othman Bin Affan Hotel فندق وقف عثمان بن عفان,,,المدينة المنورة,Hotel / Accommodation,مصدر حجز — يحتاج مطابقة الترخيص / OTA sourced — licence verification required,Expedia Madinah all-properties directory,https://www.expedia.co.uk/All-Madinah-Hotels.d602705.Travel-Guide-City-All-Hotels,2026-07-21,فندق وقف عثمان بن عفان,Waqf Othman Bin Affan Hotel,Bilingual source row
Zaha Al Madina Hotel,,,المدينة المنورة,Hotel / Accommodation,مصدر حجز — يحتاج مطابقة الترخيص / OTA sourced — licence verification required,Expedia Madinah all-properties directory,https://www.expedia.co.uk/All-Madinah-Hotels.d602705.Travel-Guide-City-All-Hotels,2026-07-21,فندق زها المدينة,Zaha Al Madina Hotel,OTA English + standardized Arabic
Emaar Rsoukh Hotel,,,المدينة المنورة,Hotel / Accommodation,مصدر حجز — يحتاج مطابقة الترخيص / OTA sourced — licence verification required,Expedia Madinah all-properties directory,https://www.expedia.co.uk/All-Madinah-Hotels.d602705.Travel-Guide-City-All-Hotels,2026-07-21,فندق إعمار رسوخ,Emaar Rsoukh Hotel,OTA English + standardized Arabic
HAYATT INTERNATIONAL HOTEL,,,المدينة المنورة,Hotel / Accommodation,مصدر حجز — يحتاج مطابقة الترخيص / OTA sourced — licence verification required,Expedia Madinah all-properties directory,https://www.expedia.co.uk/All-Madinah-Hotels.d602705.Travel-Guide-City-All-Hotels,2026-07-21,فندق حياة إنترناشيونال,HAYATT INTERNATIONAL HOTEL,OTA English + standardized Arabic
Radisson Hotel Madinah,,,المدينة المنورة,Hotel / Accommodation,مصدر حجز — يحتاج مطابقة الترخيص / OTA sourced — licence verification required,Expedia Madinah all-properties directory,https://www.expedia.co.uk/All-Madinah-Hotels.d602705.Travel-Guide-City-All-Hotels,2026-07-21,فندق راديسون المدينة,Radisson Hotel Madinah,OTA English + standardized Arabic
New Madinah Hotel,,,المدينة المنورة,Hotel / Accommodation,مصدر حجز — يحتاج مطابقة الترخيص / OTA sourced — licence verification required,Expedia Madinah all-properties directory,https://www.expedia.co.uk/All-Madinah-Hotels.d602705.Travel-Guide-City-All-Hotels,2026-07-21,فندق نيو المدينة,New Madinah Hotel,OTA English + standardized Arabic
Elaf Taiba Hotel,,,المدينة المنورة,Hotel / Accommodation,مصدر حجز — يحتاج مطابقة الترخيص / OTA sourced — licence verification required,Expedia Madinah all-properties directory,https://www.expedia.co.uk/All-Madinah-Hotels.d602705.Travel-Guide-City-All-Hotels,2026-07-21,فندق إيلاف طيبة,Elaf Taiba Hotel,OTA English + standardized Arabic
"Sedra Al Aalami Hotel, Madinah",,,المدينة المنورة,Hotel / Accommodation,مصدر حجز — يحتاج مطابقة الترخيص / OTA sourced — licence verification required,Expedia Madinah all-properties directory,https://www.expedia.co.uk/All-Madinah-Hotels.d602705.Travel-Guide-City-All-Hotels,2026-07-21,فندق سدرة العالمي المدينة,"Sedra Al Aalami Hotel, Madinah",OTA English + standardized Arabic
Al Marzam Hotel,,,المدينة المنورة,Hotel / Accommodation,مصدر حجز — يحتاج مطابقة الترخيص / OTA sourced — licence verification required,Expedia Madinah all-properties directory,https://www.expedia.co.uk/All-Madinah-Hotels.d602705.Travel-Guide-City-All-Hotels,2026-07-21,فندق ال مرزم,Al Marzam Hotel,OTA English + standardized Arabic
MADEN Hotel-مادن,,,المدينة المنورة,Hotel / Accommodation,مصدر حجز — يحتاج مطابقة الترخيص / OTA sourced — licence verification required,Expedia Madinah all-properties directory,https://www.expedia.co.uk/All-Madinah-Hotels.d602705.Travel-Guide-City-All-Hotels,2026-07-21,مادن,MADEN Hotel,Bilingual source row
أجنحة لفيف (السلام) - Lafif Apartments (Al-Salam),,,المدينة المنورة,Hotel / Accommodation,مصدر حجز — يحتاج مطابقة الترخيص / OTA sourced — licence verification required,Expedia Madinah all-properties directory,https://www.expedia.co.uk/All-Madinah-Hotels.d602705.Travel-Guide-City-All-Hotels,2026-07-21,أجنحة لفيف ( السلام ),( ) Lafif Apartments (Al Salam),Bilingual source row
Diyafa Al Mukhtara Hotel,,,المدينة المنورة,Hotel / Accommodation,مصدر حجز — يحتاج مطابقة الترخيص / OTA sourced — licence verification required,Expedia Madinah all-properties directory,https://www.expedia.co.uk/All-Madinah-Hotels.d602705.Travel-Guide-City-All-Hotels,2026-07-21,فندق ضيافة المختارة,Diyafa Al Mukhtara Hotel,OTA English + standardized Arabic
Nusk Al Hijrah Hotel,,,المدينة المنورة,Hotel / Accommodation,مصدر حجز — يحتاج مطابقة الترخيص / OTA sourced — licence verification required,Expedia Madinah all-properties directory,https://www.expedia.co.uk/All-Madinah-Hotels.d602705.Travel-Guide-City-All-Hotels,2026-07-21,فندق نُسك الهجرة,Nusk Al Hijrah Hotel,OTA English + standardized Arabic
MADINAH DELUXE,,,المدينة المنورة,Hotel / Accommodation,مصدر حجز — يحتاج مطابقة الترخيص / OTA sourced — licence verification required,Expedia Madinah all-properties directory,https://www.expedia.co.uk/All-Madinah-Hotels.d602705.Travel-Guide-City-All-Hotels,2026-07-21,المدينة ديلوكس,MADINAH DELUXE,OTA English + standardized Arabic
Zowar Alalami Hotel,,,المدينة المنورة,Hotel / Accommodation,مصدر حجز — يحتاج مطابقة الترخيص / OTA sourced — licence verification required,Expedia Madinah all-properties directory,https://www.expedia.co.uk/All-Madinah-Hotels.d602705.Travel-Guide-City-All-Hotels,2026-07-21,فندق زوار الالامي,Zowar Alalami Hotel,OTA English + standardized Arabic
Hafawah Suites,,,المدينة المنورة,Hotel / Accommodation,مصدر حجز — يحتاج مطابقة الترخيص / OTA sourced — licence verification required,Expedia Madinah all-properties directory,https://www.expedia.co.uk/All-Madinah-Hotels.d602705.Travel-Guide-City-All-Hotels,2026-07-21,أجنحة حفاوة,Hafawah Suites,OTA English + standardized Arabic
MG Crown Hotel 1,,,المدينة المنورة,Hotel / Accommodation,مصدر حجز — يحتاج مطابقة الترخيص / OTA sourced — licence verification required,Expedia Madinah all-properties directory,https://www.expedia.co.uk/All-Madinah-Hotels.d602705.Travel-Guide-City-All-Hotels,2026-07-21,فندق مج كراون 1,MG Crown Hotel 1,OTA English + standardized Arabic
E hotel,,,المدينة المنورة,Hotel / Accommodation,مصدر حجز — يحتاج مطابقة الترخيص / OTA sourced — licence verification required,Expedia Madinah all-properties directory,https://www.expedia.co.uk/All-Madinah-Hotels.d602705.Travel-Guide-City-All-Hotels,2026-07-21,فندق إي هوتيل,E hotel,OTA English + standardized Arabic
Al Mukhtara Almasi Hotel,,,المدينة المنورة,Hotel / Accommodation,مصدر حجز — يحتاج مطابقة الترخيص / OTA sourced — licence verification required,Expedia Madinah all-properties directory,https://www.expedia.co.uk/All-Madinah-Hotels.d602705.Travel-Guide-City-All-Hotels,2026-07-21,فندق المختارة الماسي,Al Mukhtara Almasi Hotel,OTA English + standardized Arabic
Itlalat Uhud Hotel,,,المدينة المنورة,Hotel / Accommodation,مصدر حجز — يحتاج مطابقة الترخيص / OTA sourced — licence verification required,Expedia Madinah all-properties directory,https://www.expedia.co.uk/All-Madinah-Hotels.d602705.Travel-Guide-City-All-Hotels,2026-07-21,فندق إطلالات أحد,Itlalat Uhud Hotel,OTA English + standardized Arabic
Shaza Regency Plaza,,,المدينة المنورة,Hotel / Accommodation,مصدر حجز — يحتاج مطابقة الترخيص / OTA sourced — licence verification required,Expedia Madinah all-properties directory,https://www.expedia.co.uk/All-Madinah-Hotels.d602705.Travel-Guide-City-All-Hotels,2026-07-21,شذا ريجنسي بلازا,Shaza Regency Plaza,OTA English + standardized Arabic
Maysan Al Harithia hotel,,,المدينة المنورة,Hotel / Accommodation,مصدر حجز — يحتاج مطابقة الترخيص / OTA sourced — licence verification required,Expedia Madinah all-properties directory,https://www.expedia.co.uk/All-Madinah-Hotels.d602705.Travel-Guide-City-All-Hotels,2026-07-21,فندق ميسان الحارثية,Maysan Al Harithia hotel,OTA English + standardized Arabic
sebal almasi hotel,,,المدينة المنورة,Hotel / Accommodation,مصدر حجز — يحتاج مطابقة الترخيص / OTA sourced — licence verification required,Expedia Madinah all-properties directory,https://www.expedia.co.uk/All-Madinah-Hotels.d602705.Travel-Guide-City-All-Hotels,2026-07-21,فندق سبالماسي,sebal almasi hotel,OTA English + standardized Arabic
Maysan Rehab AL Mysk,,,المدينة المنورة,Hotel / Accommodation,مصدر حجز — يحتاج مطابقة الترخيص / OTA sourced — licence verification required,Expedia Madinah all-properties directory,https://www.expedia.co.uk/All-Madinah-Hotels.d602705.Travel-Guide-City-All-Hotels,2026-07-21,ميسان رحاب المسك,Maysan Rehab AL Mysk,OTA English + standardized Arabic
Sanabel Al Madina Serviced Apartments,,,المدينة المنورة,Hotel / Accommodation,مصدر حجز — يحتاج مطابقة الترخيص / OTA sourced — licence verification required,Expedia Madinah all-properties directory,https://www.expedia.co.uk/All-Madinah-Hotels.d602705.Travel-Guide-City-All-Hotels,2026-07-21,شقق مخدومة سنابل المدينة,Sanabel Al Madina Serviced Apartments,OTA English + standardized Arabic
Zaha Al Munawara Hotel,,,المدينة المنورة,Hotel / Accommodation,مصدر حجز — يحتاج مطابقة الترخيص / OTA sourced — licence verification required,Expedia Madinah all-properties directory,https://www.expedia.co.uk/All-Madinah-Hotels.d602705.Travel-Guide-City-All-Hotels,2026-07-21,فندق زها المنورة,Zaha Al Munawara Hotel,OTA English + standardized Arabic
ODST ALMADINA HOTEL فندق اودست المدينة,,,المدينة المنورة,Hotel / Accommodation,مصدر حجز — يحتاج مطابقة الترخيص / OTA sourced — licence verification required,Expedia Madinah all-properties directory,https://www.expedia.co.uk/All-Madinah-Hotels.d602705.Travel-Guide-City-All-Hotels,2026-07-21,فندق اودست المدينة,ODST ALMADINA HOTEL,Bilingual source row
Amriya Hotel,,,المدينة المنورة,Hotel / Accommodation,مصدر حجز — يحتاج مطابقة الترخيص / OTA sourced — licence verification required,Expedia Madinah all-properties directory,https://www.expedia.co.uk/All-Madinah-Hotels.d602705.Travel-Guide-City-All-Hotels,2026-07-21,فندق عمرية,Amriya Hotel,OTA English + standardized Arabic
Maysan Al Taqwa,,,المدينة المنورة,Hotel / Accommodation,مصدر حجز — يحتاج مطابقة الترخيص / OTA sourced — licence verification required,Expedia Madinah all-properties directory,https://www.expedia.co.uk/All-Madinah-Hotels.d602705.Travel-Guide-City-All-Hotels,2026-07-21,ميسان التقوى,Maysan Al Taqwa,OTA English + standardized Arabic
Dan Golden Hotel & Lounge,,,المدينة المنورة,Hotel / Accommodation,مصدر حجز — يحتاج مطابقة الترخيص / OTA sourced — licence verification required,Expedia Madinah all-properties directory,https://www.expedia.co.uk/All-Madinah-Hotels.d602705.Travel-Guide-City-All-Hotels,2026-07-21,فندق دان جولدن لاونج,Dan Golden Hotel & Lounge,OTA English + standardized Arabic
Nozol snabel almadinah,,,المدينة المنورة,Hotel / Accommodation,مصدر حجز — يحتاج مطابقة الترخيص / OTA sourced — licence verification required,Expedia Madinah all-properties directory,https://www.expedia.co.uk/All-Madinah-Hotels.d602705.Travel-Guide-City-All-Hotels,2026-07-21,نزل سنابيل الماديناه,Nozol snabel almadinah,OTA English + standardized Arabic
Nusk Al Eiman Hotel Al Madina,,,المدينة المنورة,Hotel / Accommodation,مصدر حجز — يحتاج مطابقة الترخيص / OTA sourced — licence verification required,Expedia Madinah all-properties directory,https://www.expedia.co.uk/All-Madinah-Hotels.d602705.Travel-Guide-City-All-Hotels,2026-07-21,فندق نسك الإيمان المدينة,Nusk Al Eiman Hotel Al Madina,OTA English + standardized Arabic
The Seasons Hotels,,,المدينة المنورة,Hotel / Accommodation,مصدر حجز — يحتاج مطابقة الترخيص / OTA sourced — licence verification required,Expedia Madinah all-properties directory,https://www.expedia.co.uk/All-Madinah-Hotels.d602705.Travel-Guide-City-All-Hotels,2026-07-21,ذا سيزونز فنادق,The Seasons Hotels,OTA English + standardized Arabic
EMAAR MEKTAN,,,المدينة المنورة,Hotel / Accommodation,مصدر حجز — يحتاج مطابقة الترخيص / OTA sourced — licence verification required,Expedia Madinah all-properties directory,https://www.expedia.co.uk/All-Madinah-Hotels.d602705.Travel-Guide-City-All-Hotels,2026-07-21,فندق جولدن توليب المكتان,EMAAR MEKTAN,OTA English + standardized Arabic
Karam Taibah Almasi,,,المدينة المنورة,Hotel / Accommodation,مصدر حجز — يحتاج مطابقة الترخيص / OTA sourced — licence verification required,Expedia Madinah all-properties directory,https://www.expedia.co.uk/All-Madinah-Hotels.d602705.Travel-Guide-City-All-Hotels,2026-07-21,كرم طيبة الماسي,Karam Taibah Almasi,OTA English + standardized Arabic
Abraj Almarzam Hotel,,,المدينة المنورة,Hotel / Accommodation,مصدر حجز — يحتاج مطابقة الترخيص / OTA sourced — licence verification required,Expedia Madinah all-properties directory,https://www.expedia.co.uk/All-Madinah-Hotels.d602705.Travel-Guide-City-All-Hotels,2026-07-21,فندق أبراج المارزام,Abraj Almarzam Hotel,OTA English + standardized Arabic
Season Star Hotel,,,المدينة المنورة,Hotel / Accommodation,مصدر حجز — يحتاج مطابقة الترخيص / OTA sourced — licence verification required,Expedia Madinah all-properties directory,https://www.expedia.co.uk/All-Madinah-Hotels.d602705.Travel-Guide-City-All-Hotels,2026-07-21,فندق سيزون ستار,Season Star Hotel,OTA English + standardized Arabic
In Taiba Apartment,,,المدينة المنورة,Hotel / Accommodation,مصدر حجز — يحتاج مطابقة الترخيص / OTA sourced — licence verification required,Expedia Madinah all-properties directory,https://www.expedia.co.uk/All-Madinah-Hotels.d602705.Travel-Guide-City-All-Hotels,2026-07-21,شقق ين طيبة,In Taiba Apartment,OTA English + standardized Arabic
Emaar Royal Hotel Al Madina,,,المدينة المنورة,Hotel / Accommodation,مصدر حجز — يحتاج مطابقة الترخيص / OTA sourced — licence verification required,Expedia Madinah all-properties directory,https://www.expedia.co.uk/All-Madinah-Hotels.d602705.Travel-Guide-City-All-Hotels,2026-07-21,فندق إعمار رويال المدينة,Emaar Royal Hotel Al Madina,OTA English + standardized Arabic
Azard Hotel,,,المدينة المنورة,Hotel / Accommodation,مصدر حجز — يحتاج مطابقة الترخيص / OTA sourced — licence verification required,Expedia Madinah all-properties directory,https://www.expedia.co.uk/All-Madinah-Hotels.d602705.Travel-Guide-City-All-Hotels,2026-07-21,فندق أزارد,Azard Hotel,OTA English + standardized Arabic
Grand Zowar Hotel,,,المدينة المنورة,Hotel / Accommodation,مصدر حجز — يحتاج مطابقة الترخيص / OTA sourced — licence verification required,Expedia Madinah all-properties directory,https://www.expedia.co.uk/All-Madinah-Hotels.d602705.Travel-Guide-City-All-Hotels,2026-07-21,فندق جراند زوار,Grand Zowar Hotel,OTA English + standardized Arabic
Jawar Al Rahma,,,المدينة المنورة,Hotel / Accommodation,مصدر حجز — يحتاج مطابقة الترخيص / OTA sourced — licence verification required,Expedia Madinah all-properties directory,https://www.expedia.co.uk/All-Madinah-Hotels.d602705.Travel-Guide-City-All-Hotels,2026-07-21,جوار الرحمة,Jawar Al Rahma,OTA English + standardized Arabic
Grand Plaza Badr Al Maqam,,,المدينة المنورة,Hotel / Accommodation,مصدر حجز — يحتاج مطابقة الترخيص / OTA sourced — licence verification required,Expedia Madinah all-properties directory,https://www.expedia.co.uk/All-Madinah-Hotels.d602705.Travel-Guide-City-All-Hotels,2026-07-21,فندق جراند بلازا بدر المقام,Grand Plaza Badr Al Maqam,OTA English + standardized Arabic
Hotel Karam Al Madina,,,المدينة المنورة,Hotel / Accommodation,مصدر حجز — يحتاج مطابقة الترخيص / OTA sourced — licence verification required,Expedia Madinah all-properties directory,https://www.expedia.co.uk/All-Madinah-Hotels.d602705.Travel-Guide-City-All-Hotels,2026-07-21,فندق كرم المدينة,Hotel Karam Al Madina,OTA English + standardized Arabic
Westin Mark Hotel,,,المدينة المنورة,Hotel / Accommodation,مصدر حجز — يحتاج مطابقة الترخيص / OTA sourced — licence verification required,Expedia Madinah all-properties directory,https://www.expedia.co.uk/All-Madinah-Hotels.d602705.Travel-Guide-City-All-Hotels,2026-07-21,فندق ويستن مارك,Westin Mark Hotel,OTA English + standardized Arabic
Wardat rahiq,,,المدينة المنورة,Hotel / Accommodation,مصدر حجز — يحتاج مطابقة الترخيص / OTA sourced — licence verification required,Expedia Madinah all-properties directory,https://www.expedia.co.uk/All-Madinah-Hotels.d602705.Travel-Guide-City-All-Hotels,2026-07-21,وردة رحيق,Wardat rahiq,OTA English + standardized Arabic
Al Mukhtara International Hotel,,,المدينة المنورة,Hotel / Accommodation,مصدر حجز — يحتاج مطابقة الترخيص / OTA sourced — licence verification required,Expedia Madinah all-properties directory,https://www.expedia.co.uk/All-Madinah-Hotels.d602705.Travel-Guide-City-All-Hotels,2026-07-21,فندق المختارة إنترناشيونال,Al Mukhtara International Hotel,OTA English + standardized Arabic
Ouhd Hill Hotel,,,المدينة المنورة,Hotel / Accommodation,مصدر حجز — يحتاج مطابقة الترخيص / OTA sourced — licence verification required,Expedia Madinah all-properties directory,https://www.expedia.co.uk/All-Madinah-Hotels.d602705.Travel-Guide-City-All-Hotels,2026-07-21,فندق أحد هيل,Ouhd Hill Hotel,OTA English + standardized Arabic
Hotel Taba Al Salam,,,المدينة المنورة,Hotel / Accommodation,مصدر حجز — يحتاج مطابقة الترخيص / OTA sourced — licence verification required,Expedia Madinah all-properties directory,https://www.expedia.co.uk/All-Madinah-Hotels.d602705.Travel-Guide-City-All-Hotels,2026-07-21,فندق طابة السلام,Hotel Taba Al Salam,OTA English + standardized Arabic
Maden AlRawda مادن الروضة,,,المدينة المنورة,Hotel / Accommodation,مصدر حجز — يحتاج مطابقة الترخيص / OTA sourced — licence verification required,Expedia Madinah all-properties directory,https://www.expedia.co.uk/All-Madinah-Hotels.d602705.Travel-Guide-City-All-Hotels,2026-07-21,مادن الروضة,Maden AlRawda,Bilingual source row
Al Fakhama Aldahbai Al-Shohada,,,المدينة المنورة,Hotel / Accommodation,مصدر حجز — يحتاج مطابقة الترخيص / OTA sourced — licence verification required,Expedia Madinah all-properties directory,https://www.expedia.co.uk/All-Madinah-Hotels.d602705.Travel-Guide-City-All-Hotels,2026-07-21,الفخامة الداهباي الشهداء,Al Fakhama Aldahbai Al-Shohada,OTA English + standardized Arabic
Millennium Madinah Airport,,,المدينة المنورة,Hotel / Accommodation,مصدر حجز — يحتاج مطابقة الترخيص / OTA sourced — licence verification required,Expedia Madinah all-properties directory,https://www.expedia.co.uk/All-Madinah-Hotels.d602705.Travel-Guide-City-All-Hotels,2026-07-21,فندق ميلينيوم مطار المدينة,Millennium Madinah Airport,OTA English + standardized Arabic
Platinum Hotel,,,المدينة المنورة,Hotel / Accommodation,مصدر حجز — يحتاج مطابقة الترخيص / OTA sourced — licence verification required,Expedia Madinah all-properties directory,https://www.expedia.co.uk/All-Madinah-Hotels.d602705.Travel-Guide-City-All-Hotels,2026-07-21,فندق بلاتينيوم,Platinum Hotel,OTA English + standardized Arabic
Maden Taibah Hotel,,,المدينة المنورة,Hotel / Accommodation,مصدر حجز — يحتاج مطابقة الترخيص / OTA sourced — licence verification required,Expedia Madinah all-properties directory,https://www.expedia.co.uk/All-Madinah-Hotels.d602705.Travel-Guide-City-All-Hotels,2026-07-21,فندق مادن طيبة,Maden Taibah Hotel,OTA English + standardized Arabic
Rua Al Hijrah Hotel,,,المدينة المنورة,Hotel / Accommodation,مصدر حجز — يحتاج مطابقة الترخيص / OTA sourced — licence verification required,Expedia Madinah all-properties directory,https://www.expedia.co.uk/All-Madinah-Hotels.d602705.Travel-Guide-City-All-Hotels,2026-07-21,فندق رؤى الهجرة,Rua Al Hijrah Hotel,OTA English + standardized Arabic
Lumian Hotel,,,المدينة المنورة,Hotel / Accommodation,مصدر حجز — يحتاج مطابقة الترخيص / OTA sourced — licence verification required,Expedia Madinah all-properties directory,https://www.expedia.co.uk/All-Madinah-Hotels.d602705.Travel-Guide-City-All-Hotels,2026-07-21,فندق لوميـان,Lumian Hotel,OTA English + standardized Arabic
Le Meridien Medina,,,المدينة المنورة,Hotel / Accommodation,مصدر حجز — يحتاج مطابقة الترخيص / OTA sourced — licence verification required,Expedia Madinah all-properties directory,https://www.expedia.co.uk/All-Madinah-Hotels.d602705.Travel-Guide-City-All-Hotels,2026-07-21,فندق لو ميريديان المدينة,Le Meridien Medina,OTA English + standardized Arabic
MG Crown Hotel 3,,,المدينة المنورة,Hotel / Accommodation,مصدر حجز — يحتاج مطابقة الترخيص / OTA sourced — licence verification required,Expedia Madinah all-properties directory,https://www.expedia.co.uk/All-Madinah-Hotels.d602705.Travel-Guide-City-All-Hotels,2026-07-21,فندق مج كراون 3,MG Crown Hotel 3,OTA English + standardized Arabic
ALRITZ ALMADINAH HOTEL,,,المدينة المنورة,Hotel / Accommodation,مصدر حجز — يحتاج مطابقة الترخيص / OTA sourced — licence verification required,Expedia Madinah all-properties directory,https://www.expedia.co.uk/All-Madinah-Hotels.d602705.Travel-Guide-City-All-Hotels,2026-07-21,فندق الريتز الماديناه,ALRITZ ALMADINAH HOTEL,OTA English + standardized Arabic
سوار الذهب للشقق المخدومه,,,المدينة المنورة,Hotel / Accommodation,مصدر حجز — يحتاج مطابقة الترخيص / OTA sourced — licence verification required,Expedia Madinah all-properties directory,https://www.expedia.co.uk/All-Madinah-Hotels.d602705.Travel-Guide-City-All-Hotels,2026-07-21,سوار الذهب للشقق المخدومه,Swar Al Dhhb Llshqq Al Mkhdwmh Hotel,Standardized transliteration
Elite Haven New Hotel,,,المدينة المنورة,Hotel / Accommodation,مصدر حجز — يحتاج مطابقة الترخيص / OTA sourced — licence verification required,Expedia Madinah all-properties directory,https://www.expedia.co.uk/All-Madinah-Hotels.d602705.Travel-Guide-City-All-Hotels,2026-07-21,فندق إيليت هافين نيو,Elite Haven New Hotel,OTA English + standardized Arabic
Nusk Al Madinah Hotel,,,المدينة المنورة,Hotel / Accommodation,مصدر حجز — يحتاج مطابقة الترخيص / OTA sourced — licence verification required,Expedia Madinah all-properties directory,https://www.expedia.co.uk/All-Madinah-Hotels.d602705.Travel-Guide-City-All-Hotels,2026-07-21,فندق نسك المدينة,Nusk Al Madinah Hotel,OTA English + standardized Arabic
نزل صفاء بارك,,,المدينة المنورة,Hotel / Accommodation,مصدر حجز — يحتاج مطابقة الترخيص / OTA sourced — licence verification required,Expedia Madinah all-properties directory,https://www.expedia.co.uk/All-Madinah-Hotels.d602705.Travel-Guide-City-All-Hotels,2026-07-21,نزل صفاء بارك,Nozol Sfa' Bark Hotel,Standardized transliteration
Dallah Taibah Hotel,,,المدينة المنورة,Hotel / Accommodation,مصدر حجز — يحتاج مطابقة الترخيص / OTA sourced — licence verification required,Expedia Madinah all-properties directory,https://www.expedia.co.uk/All-Madinah-Hotels.d602705.Travel-Guide-City-All-Hotels,2026-07-21,فندق دلة طيبة,Dallah Taibah Hotel,OTA English + standardized Arabic
Mg Crown Hotel 2,,,المدينة المنورة,Hotel / Accommodation,مصدر حجز — يحتاج مطابقة الترخيص / OTA sourced — licence verification required,Expedia Madinah all-properties directory,https://www.expedia.co.uk/All-Madinah-Hotels.d602705.Travel-Guide-City-All-Hotels,2026-07-21,فندق مج كراون 2,Mg Crown Hotel 2,OTA English + standardized Arabic
SALSBIL AL ALMASI HOTEL,,,المدينة المنورة,Hotel / Accommodation,مصدر حجز — يحتاج مطابقة الترخيص / OTA sourced — licence verification required,Expedia Madinah all-properties directory,https://www.expedia.co.uk/All-Madinah-Hotels.d602705.Travel-Guide-City-All-Hotels,2026-07-21,فندق سلسبيل الماسي,SALSBIL AL ALMASI HOTEL,OTA English + standardized Arabic
اونارا ستاي 2 للشقق المخدومه,,,المدينة المنورة,Hotel / Accommodation,مصدر حجز — يحتاج مطابقة الترخيص / OTA sourced — licence verification required,Expedia Madinah all-properties directory,https://www.expedia.co.uk/All-Madinah-Hotels.d602705.Travel-Guide-City-All-Hotels,2026-07-21,اونارا ستاي 2 للشقق المخدومه,Awnara Stay 2 Llshqq Al Mkhdwmh Hotel,Standardized transliteration
Hotel Ajnihat Safwa Taiba,,,المدينة المنورة,Hotel / Accommodation,مصدر حجز — يحتاج مطابقة الترخيص / OTA sourced — licence verification required,Expedia Madinah all-properties directory,https://www.expedia.co.uk/All-Madinah-Hotels.d602705.Travel-Guide-City-All-Hotels,2026-07-21,فندق أجنحة الصفوة طيبة,Hotel Ajnihat Safwa Taiba,OTA English + standardized Arabic
Alansar platinum hotel,,,المدينة المنورة,Hotel / Accommodation,مصدر حجز — يحتاج مطابقة الترخيص / OTA sourced — licence verification required,Expedia Madinah all-properties directory,https://www.expedia.co.uk/All-Madinah-Hotels.d602705.Travel-Guide-City-All-Hotels,2026-07-21,فندق الانسار بلاتينيوم,Alansar platinum hotel,OTA English + standardized Arabic
Al Aqeeq Hotel Madinah ex. Millennium,,,المدينة المنورة,Hotel / Accommodation,مصدر حجز — يحتاج مطابقة الترخيص / OTA sourced — licence verification required,Expedia Madinah all-properties directory,https://www.expedia.co.uk/All-Madinah-Hotels.d602705.Travel-Guide-City-All-Hotels,2026-07-21,فندق العقيق المدينة يكس ميلينيوم,Al Aqeeq Hotel Madinah ex. Millennium,OTA English + standardized Arabic
Assaafa Golden Hotel,,,المدينة المنورة,Hotel / Accommodation,مصدر حجز — يحتاج مطابقة الترخيص / OTA sourced — licence verification required,Expedia Madinah all-properties directory,https://www.expedia.co.uk/All-Madinah-Hotels.d602705.Travel-Guide-City-All-Hotels,2026-07-21,فندق الصفا جولدن,Assaafa Golden Hotel,OTA English + standardized Arabic
EMAR ELITE MADINAH,,,المدينة المنورة,Hotel / Accommodation,مصدر حجز — يحتاج مطابقة الترخيص / OTA sourced — licence verification required,Expedia Madinah all-properties directory,https://www.expedia.co.uk/All-Madinah-Hotels.d602705.Travel-Guide-City-All-Hotels,2026-07-21,يمار إيليت المدينة,EMAR ELITE MADINAH,OTA English + standardized Arabic
Nozol Luluat Sultanah Hostel,,,المدينة المنورة,Hotel / Accommodation,مصدر حجز — يحتاج مطابقة الترخيص / OTA sourced — licence verification required,Expedia Madinah all-properties directory,https://www.expedia.co.uk/All-Madinah-Hotels.d602705.Travel-Guide-City-All-Hotels,2026-07-21,نزل لولوات سلطانة,Nozol Luluat Sultanah Hostel,OTA English + standardized Arabic
Alfakhama Aldahabi Abi-Zar - الفخامة الذهبي ابي ذر,,,المدينة المنورة,Hotel / Accommodation,مصدر حجز — يحتاج مطابقة الترخيص / OTA sourced — licence verification required,Expedia Madinah all-properties directory,https://www.expedia.co.uk/All-Madinah-Hotels.d602705.Travel-Guide-City-All-Hotels,2026-07-21,الفخامة الذهبي ابي ذر,Alfakhama Aldahabi Abi Zar,Bilingual source row
Hasana Suites,,,المدينة المنورة,Hotel / Accommodation,مصدر حجز — يحتاج مطابقة الترخيص / OTA sourced — licence verification required,Expedia Madinah all-properties directory,https://www.expedia.co.uk/All-Madinah-Hotels.d602705.Travel-Guide-City-All-Hotels,2026-07-21,أجنحة حسناء,Hasana Suites,OTA English + standardized Arabic
As'saafa Hotel,,,المدينة المنورة,Hotel / Accommodation,مصدر حجز — يحتاج مطابقة الترخيص / OTA sourced — licence verification required,Expedia Madinah all-properties directory,https://www.expedia.co.uk/All-Madinah-Hotels.d602705.Travel-Guide-City-All-Hotels,2026-07-21,فندق اس ساافا,As'saafa Hotel,OTA English + standardized Arabic
Emaar Taiba Hotel,,,المدينة المنورة,Hotel / Accommodation,مصدر حجز — يحتاج مطابقة الترخيص / OTA sourced — licence verification required,Expedia Madinah all-properties directory,https://www.expedia.co.uk/All-Madinah-Hotels.d602705.Travel-Guide-City-All-Hotels,2026-07-21,فندق إعمار طيبة,Emaar Taiba Hotel,OTA English + standardized Arabic
AVAL Hotel,,,المدينة المنورة,Hotel / Accommodation,مصدر حجز — يحتاج مطابقة الترخيص / OTA sourced — licence verification required,Expedia Madinah all-properties directory,https://www.expedia.co.uk/All-Madinah-Hotels.d602705.Travel-Guide-City-All-Hotels,2026-07-21,فندق آفال,AVAL Hotel,OTA English + standardized Arabic
ASIN HOTEL,,,المدينة المنورة,Hotel / Accommodation,مصدر حجز — يحتاج مطابقة الترخيص / OTA sourced — licence verification required,Expedia Madinah all-properties directory,https://www.expedia.co.uk/All-Madinah-Hotels.d602705.Travel-Guide-City-All-Hotels,2026-07-21,فندق آسين,ASIN HOTEL,OTA English + standardized Arabic
Faraj Al Madina Hotel,,,المدينة المنورة,Hotel / Accommodation,مصدر حجز — يحتاج مطابقة الترخيص / OTA sourced — licence verification required,Expedia Madinah all-properties directory,https://www.expedia.co.uk/All-Madinah-Hotels.d602705.Travel-Guide-City-All-Hotels,2026-07-21,فندق فرج المدينة,Faraj Al Madina Hotel,OTA English + standardized Arabic
AL JAWAHARA AL TABBA,,,المدينة المنورة,Hotel / Accommodation,مصدر حجز — يحتاج مطابقة الترخيص / OTA sourced — licence verification required,Expedia Madinah all-properties directory,https://www.expedia.co.uk/All-Madinah-Hotels.d602705.Travel-Guide-City-All-Hotels,2026-07-21,الجوهرة ال طابة,AL JAWAHARA AL TABBA,OTA English + standardized Arabic
MG Crown Hotel 4,,,المدينة المنورة,Hotel / Accommodation,مصدر حجز — يحتاج مطابقة الترخيص / OTA sourced — licence verification required,Expedia Madinah all-properties directory,https://www.expedia.co.uk/All-Madinah-Hotels.d602705.Travel-Guide-City-All-Hotels,2026-07-21,فندق مج كراون 4,MG Crown Hotel 4,OTA English + standardized Arabic
Hoson Aljiwar hotel,,,المدينة المنورة,Hotel / Accommodation,مصدر حجز — يحتاج مطابقة الترخيص / OTA sourced — licence verification required,Expedia Madinah all-properties directory,https://www.expedia.co.uk/All-Madinah-Hotels.d602705.Travel-Guide-City-All-Hotels,2026-07-21,فندق حصون الجيوار,Hoson Aljiwar hotel,OTA English + standardized Arabic
Sama AlMadina Hotel,,,المدينة المنورة,Hotel / Accommodation,مصدر حجز — يحتاج مطابقة الترخيص / OTA sourced — licence verification required,Expedia Madinah all-properties directory,https://www.expedia.co.uk/All-Madinah-Hotels.d602705.Travel-Guide-City-All-Hotels,2026-07-21,فندق سما المادينا,Sama AlMadina Hotel,OTA English + standardized Arabic
Beat Salsbil Hotel,,,المدينة المنورة,Hotel / Accommodation,مصدر حجز — يحتاج مطابقة الترخيص / OTA sourced — licence verification required,Expedia Madinah all-properties directory,https://www.expedia.co.uk/All-Madinah-Hotels.d602705.Travel-Guide-City-All-Hotels,2026-07-21,فندق بيت سلسبيل,Beat Salsbil Hotel,OTA English + standardized Arabic
Grand Plaza Al Madina,,,المدينة المنورة,Hotel / Accommodation,مصدر حجز — يحتاج مطابقة الترخيص / OTA sourced — licence verification required,Expedia Madinah all-properties directory,https://www.expedia.co.uk/All-Madinah-Hotels.d602705.Travel-Guide-City-All-Hotels,2026-07-21,فندق جراند بلازا المدينة,Grand Plaza Al Madina,OTA English + standardized Arabic
8Points Hotel - El Salam 1,,,المدينة المنورة,Hotel / Accommodation,مصدر حجز — يحتاج مطابقة الترخيص / OTA sourced — licence verification required,Expedia Madinah all-properties directory,https://www.expedia.co.uk/All-Madinah-Hotels.d602705.Travel-Guide-City-All-Hotels,2026-07-21,فندق 8 بوينتس السلام 1,8Points Hotel - El Salam 1,OTA English + standardized Arabic
Al Aqeeq Al Rawda Hotel by Sedra International,,,المدينة المنورة,Hotel / Accommodation,مصدر حجز — يحتاج مطابقة الترخيص / OTA sourced — licence verification required,Expedia Madinah all-properties directory,https://www.expedia.co.uk/All-Madinah-Hotels.d602705.Travel-Guide-City-All-Hotels,2026-07-21,فندق العقيق الروضة باي سدرة إنترناشيونال,Al Aqeeq Al Rawda Hotel by Sedra International,OTA English + standardized Arabic
Taj Al Eiman Hotel,,,المدينة المنورة,Hotel / Accommodation,مصدر حجز — يحتاج مطابقة الترخيص / OTA sourced — licence verification required,Expedia Madinah all-properties directory,https://www.expedia.co.uk/All-Madinah-Hotels.d602705.Travel-Guide-City-All-Hotels,2026-07-21,فندق تاج الإيمان,Taj Al Eiman Hotel,OTA English + standardized Arabic
Hafawah Resort,,,المدينة المنورة,Hotel / Accommodation,مصدر حجز — يحتاج مطابقة الترخيص / OTA sourced — licence verification required,Expedia Madinah all-properties directory,https://www.expedia.co.uk/All-Madinah-Hotels.d602705.Travel-Guide-City-All-Hotels,2026-07-21,منتجع حفاوة,Hafawah Resort,OTA English + standardized Arabic
Madain Al Baraka,,,المدينة المنورة,Hotel / Accommodation,مصدر حجز — يحتاج مطابقة الترخيص / OTA sourced — licence verification required,Expedia Madinah all-properties directory,https://www.expedia.co.uk/All-Madinah-Hotels.d602705.Travel-Guide-City-All-Hotels,2026-07-21,مدائن البركة,Madain Al Baraka,OTA English + standardized Arabic
Belvedere Hotel,,,المدينة المنورة,Hotel / Accommodation,مصدر حجز — يحتاج مطابقة الترخيص / OTA sourced — licence verification required,Expedia Madinah all-properties directory,https://www.expedia.co.uk/All-Madinah-Hotels.d602705.Travel-Guide-City-All-Hotels,2026-07-21,فندق بلفيدير,Belvedere Hotel,OTA English + standardized Arabic
Pine Inn Hotel,,,المدينة المنورة,Hotel / Accommodation,مصدر حجز — يحتاج مطابقة الترخيص / OTA sourced — licence verification required,Expedia Madinah all-properties directory,https://www.expedia.co.uk/All-Madinah-Hotels.d602705.Travel-Guide-City-All-Hotels,2026-07-21,فندق باين إن,Pine Inn Hotel,OTA English + standardized Arabic
Wedyan City,,,المدينة المنورة,Hotel / Accommodation,مصدر حجز — يحتاج مطابقة الترخيص / OTA sourced — licence verification required,Expedia Madinah all-properties directory,https://www.expedia.co.uk/All-Madinah-Hotels.d602705.Travel-Guide-City-All-Hotels,2026-07-21,وديان سيتي,Wedyan City,OTA English + standardized Arabic
Jiwar Al Saha Hotel,,,المدينة المنورة,Hotel / Accommodation,مصدر حجز — يحتاج مطابقة الترخيص / OTA sourced — licence verification required,Expedia Madinah all-properties directory,https://www.expedia.co.uk/All-Madinah-Hotels.d602705.Travel-Guide-City-All-Hotels,2026-07-21,فندق جوار الساحة,Jiwar Al Saha Hotel,OTA English + standardized Arabic
Rovan Hotel,,,المدينة المنورة,Hotel / Accommodation,مصدر حجز — يحتاج مطابقة الترخيص / OTA sourced — licence verification required,Expedia Madinah all-properties directory,https://www.expedia.co.uk/All-Madinah-Hotels.d602705.Travel-Guide-City-All-Hotels,2026-07-21,فندق روفان,Rovan Hotel,OTA English + standardized Arabic
Dan Pelatenium,,,المدينة المنورة,Hotel / Accommodation,مصدر حجز — يحتاج مطابقة الترخيص / OTA sourced — licence verification required,Expedia Madinah all-properties directory,https://www.expedia.co.uk/All-Madinah-Hotels.d602705.Travel-Guide-City-All-Hotels,2026-07-21,دان بلاتينيوم,Dan Pelatenium,OTA English + standardized Arabic
Aroma City Hotel,,,المدينة المنورة,Hotel / Accommodation,مصدر حجز — يحتاج مطابقة الترخيص / OTA sourced — licence verification required,Expedia Madinah all-properties directory,https://www.expedia.co.uk/All-Madinah-Hotels.d602705.Travel-Guide-City-All-Hotels,2026-07-21,فندق أروما سيتي,Aroma City Hotel,OTA English + standardized Arabic
GH HOTEL,,,المدينة المنورة,Hotel / Accommodation,مصدر حجز — يحتاج مطابقة الترخيص / OTA sourced — licence verification required,Expedia Madinah all-properties directory,https://www.expedia.co.uk/All-Madinah-Hotels.d602705.Travel-Guide-City-All-Hotels,2026-07-21,فندق غ,GH HOTEL,OTA English + standardized Arabic
Sebal Plus,,,المدينة المنورة,Hotel / Accommodation,مصدر حجز — يحتاج مطابقة الترخيص / OTA sourced — licence verification required,Expedia Madinah all-properties directory,https://www.expedia.co.uk/All-Madinah-Hotels.d602705.Travel-Guide-City-All-Hotels,2026-07-21,سبال بلس,Sebal Plus,OTA English + standardized Arabic
Fursan Al Ghad,,,المدينة المنورة,Hotel / Accommodation,مصدر حجز — يحتاج مطابقة الترخيص / OTA sourced — licence verification required,Expedia Madinah all-properties directory,https://www.expedia.co.uk/All-Madinah-Hotels.d602705.Travel-Guide-City-All-Hotels,2026-07-21,فرسان الغد,Fursan Al Ghad,OTA English + standardized Arabic
Al Rayyan Hotel,,,المدينة المنورة,Hotel / Accommodation,مصدر حجز — يحتاج مطابقة الترخيص / OTA sourced — licence verification required,Expedia Madinah all-properties directory,https://www.expedia.co.uk/All-Madinah-Hotels.d602705.Travel-Guide-City-All-Hotels,2026-07-21,فندق الريان,Al Rayyan Hotel,OTA English + standardized Arabic
Emaar Taibah,,,المدينة المنورة,Hotel / Accommodation,مصدر حجز — يحتاج مطابقة الترخيص / OTA sourced — licence verification required,Expedia Madinah all-properties directory,https://www.expedia.co.uk/All-Madinah-Hotels.d602705.Travel-Guide-City-All-Hotels,2026-07-21,إعمار طيبة,Emaar Taibah,OTA English + standardized Arabic
Sebal Hotel,,,المدينة المنورة,Hotel / Accommodation,مصدر حجز — يحتاج مطابقة الترخيص / OTA sourced — licence verification required,Expedia Madinah all-properties directory,https://www.expedia.co.uk/All-Madinah-Hotels.d602705.Travel-Guide-City-All-Hotels,2026-07-21,فندق سبال,Sebal Hotel,OTA English + standardized Arabic
Gewar Alandalus Hotel,,,المدينة المنورة,Hotel / Accommodation,مصدر حجز — يحتاج مطابقة الترخيص / OTA sourced — licence verification required,Expedia Madinah all-properties directory,https://www.expedia.co.uk/All-Madinah-Hotels.d602705.Travel-Guide-City-All-Hotels,2026-07-21,فندق جوار الأندلس,Gewar Alandalus Hotel,OTA English + standardized Arabic
Eqamh Etlala Quba- إقامة إطلالة قباء,,,المدينة المنورة,Hotel / Accommodation,مصدر حجز — يحتاج مطابقة الترخيص / OTA sourced — licence verification required,Expedia Madinah all-properties directory,https://www.expedia.co.uk/All-Madinah-Hotels.d602705.Travel-Guide-City-All-Hotels,2026-07-21,إقامة إطلالة قباء,Eqamh Etlala Quba,Bilingual source row
Sukoon Hotel,,,المدينة المنورة,Hotel / Accommodation,مصدر حجز — يحتاج مطابقة الترخيص / OTA sourced — licence verification required,Expedia Madinah all-properties directory,https://www.expedia.co.uk/All-Madinah-Hotels.d602705.Travel-Guide-City-All-Hotels,2026-07-21,فندق سكون,Sukoon Hotel,OTA English + standardized Arabic
Flavor Hotel,,,المدينة المنورة,Hotel / Accommodation,مصدر حجز — يحتاج مطابقة الترخيص / OTA sourced — licence verification required,Expedia Madinah all-properties directory,https://www.expedia.co.uk/All-Madinah-Hotels.d602705.Travel-Guide-City-All-Hotels,2026-07-21,فندق فليفر,Flavor Hotel,OTA English + standardized Arabic
Rawaq suites hotel,,,المدينة المنورة,Hotel / Accommodation,مصدر حجز — يحتاج مطابقة الترخيص / OTA sourced — licence verification required,Expedia Madinah all-properties directory,https://www.expedia.co.uk/All-Madinah-Hotels.d602705.Travel-Guide-City-All-Hotels,2026-07-21,أجنحة رواق,Rawaq suites hotel,OTA English + standardized Arabic
Delights Inn - Green Oasis Hotel,,,المدينة المنورة,Hotel / Accommodation,مصدر حجز — يحتاج مطابقة الترخيص / OTA sourced — licence verification required,Expedia Madinah all-properties directory,https://www.expedia.co.uk/All-Madinah-Hotels.d602705.Travel-Guide-City-All-Hotels,2026-07-21,فندق ديلايتس إن جرين واحة,Delights Inn - Green Oasis Hotel,OTA English + standardized Arabic
TULIP INN AL DAAR RAWAFID,,,المدينة المنورة,Hotel / Accommodation,مصدر حجز — يحتاج مطابقة الترخيص / OTA sourced — licence verification required,Expedia Madinah all-properties directory,https://www.expedia.co.uk/All-Madinah-Hotels.d602705.Travel-Guide-City-All-Hotels,2026-07-21,توليب إن ال داار روافد,TULIP INN AL DAAR RAWAFID,OTA English + standardized Arabic
أجنحة لفيف (البدرانى) -Lafif Apartments (Al-Badrani),,,المدينة المنورة,Hotel / Accommodation,مصدر حجز — يحتاج مطابقة الترخيص / OTA sourced — licence verification required,Expedia Madinah all-properties directory,https://www.expedia.co.uk/All-Madinah-Hotels.d602705.Travel-Guide-City-All-Hotels,2026-07-21,أجنحة لفيف ( البدرانى ),( ) Lafif Apartments (Al Badrani),Bilingual source row
Hill Hotel,,,المدينة المنورة,Hotel / Accommodation,مصدر حجز — يحتاج مطابقة الترخيص / OTA sourced — licence verification required,Expedia Madinah all-properties directory,https://www.expedia.co.uk/All-Madinah-Hotels.d602705.Travel-Guide-City-All-Hotels,2026-07-21,فندق هيل,Hill Hotel,OTA English + standardized Arabic
Lafif Hotel Al-Khaldya,,,المدينة المنورة,Hotel / Accommodation,مصدر حجز — يحتاج مطابقة الترخيص / OTA sourced — licence verification required,Expedia Madinah all-properties directory,https://www.expedia.co.uk/All-Madinah-Hotels.d602705.Travel-Guide-City-All-Hotels,2026-07-21,فندق لفيف الخالدية,Lafif Hotel Al-Khaldya,OTA English + standardized Arabic
Al-safa-al-barakah,,,المدينة المنورة,Hotel / Accommodation,مصدر حجز — يحتاج مطابقة الترخيص / OTA sourced — licence verification required,Expedia Madinah all-properties directory,https://www.expedia.co.uk/All-Madinah-Hotels.d602705.Travel-Guide-City-All-Hotels,2026-07-21,الصفا ال باراكاه,Al-safa-al-barakah,OTA English + standardized Arabic
How inn Hotel,,,المدينة المنورة,Hotel / Accommodation,مصدر حجز — يحتاج مطابقة الترخيص / OTA sourced — licence verification required,Expedia Madinah all-properties directory,https://www.expedia.co.uk/All-Madinah-Hotels.d602705.Travel-Guide-City-All-Hotels,2026-07-21,فندق هاو إن,How inn Hotel,OTA English + standardized Arabic
Dar Al Eiman Al Haram Hotel,,,المدينة المنورة,Hotel / Accommodation,مصدر حجز — يحتاج مطابقة الترخيص / OTA sourced — licence verification required,Expedia Madinah all-properties directory,https://www.expedia.co.uk/All-Madinah-Hotels.d602705.Travel-Guide-City-All-Hotels,2026-07-21,فندق دار الإيمان الحرم,Dar Al Eiman Al Haram Hotel,OTA English + standardized Arabic
Nasamat Hotel,,,المدينة المنورة,Hotel / Accommodation,مصدر حجز — يحتاج مطابقة الترخيص / OTA sourced — licence verification required,Expedia Madinah all-properties directory,https://www.expedia.co.uk/All-Madinah-Hotels.d602705.Travel-Guide-City-All-Hotels,2026-07-21,فندق نسمات,Nasamat Hotel,OTA English + standardized Arabic
Elite Alhijra,,,المدينة المنورة,Hotel / Accommodation,مصدر حجز — يحتاج مطابقة الترخيص / OTA sourced — licence verification required,Expedia Madinah all-properties directory,https://www.expedia.co.uk/All-Madinah-Hotels.d602705.Travel-Guide-City-All-Hotels,2026-07-21,إيليت الهيجرا,Elite Alhijra,OTA English + standardized Arabic
Al Ansar Palace Golden Tulip Hotel,,,المدينة المنورة,Hotel / Accommodation,مصدر حجز — يحتاج مطابقة الترخيص / OTA sourced — licence verification required,Expedia Madinah all-properties directory,https://www.expedia.co.uk/All-Madinah-Hotels.d602705.Travel-Guide-City-All-Hotels,2026-07-21,فندق الأنصار بالاس جولدن توليب,Al Ansar Palace Golden Tulip Hotel,OTA English + standardized Arabic
Eqamh Palace,,,المدينة المنورة,Hotel / Accommodation,مصدر حجز — يحتاج مطابقة الترخيص / OTA sourced — licence verification required,Expedia Madinah all-properties directory,https://www.expedia.co.uk/All-Madinah-Hotels.d602705.Travel-Guide-City-All-Hotels,2026-07-21,إقامة بالاس,Eqamh Palace,OTA English + standardized Arabic
Nozol Royal Inn Hotel,,,المدينة المنورة,Hotel / Accommodation,مصدر حجز — يحتاج مطابقة الترخيص / OTA sourced — licence verification required,Expedia Madinah all-properties directory,https://www.expedia.co.uk/All-Madinah-Hotels.d602705.Travel-Guide-City-All-Hotels,2026-07-21,فندق نزل رويال إن,Nozol Royal Inn Hotel,OTA English + standardized Arabic
The Seasons Hotel-abi Zur,,,المدينة المنورة,Hotel / Accommodation,مصدر حجز — يحتاج مطابقة الترخيص / OTA sourced — licence verification required,Expedia Madinah all-properties directory,https://www.expedia.co.uk/All-Madinah-Hotels.d602705.Travel-Guide-City-All-Hotels,2026-07-21,فندق ذا سيزونز ابي زور,The Seasons Hotel-abi Zur,OTA English + standardized Arabic
Zawia Hotel,,,المدينة المنورة,Hotel / Accommodation,مصدر حجز — يحتاج مطابقة الترخيص / OTA sourced — licence verification required,Expedia Madinah all-properties directory,https://www.expedia.co.uk/All-Madinah-Hotels.d602705.Travel-Guide-City-All-Hotels,2026-07-21,فندق زاوية,Zawia Hotel,OTA English + standardized Arabic
Al Rayhan Suites,,,المدينة المنورة,Hotel / Accommodation,مصدر حجز — يحتاج مطابقة الترخيص / OTA sourced — licence verification required,Expedia Madinah all-properties directory,https://www.expedia.co.uk/All-Madinah-Hotels.d602705.Travel-Guide-City-All-Hotels,2026-07-21,أجنحة الريحان,Al Rayhan Suites,OTA English + standardized Arabic
Arkan Almanar Hotel,,,المدينة المنورة,Hotel / Accommodation,مصدر حجز — يحتاج مطابقة الترخيص / OTA sourced — licence verification required,Expedia Madinah all-properties directory,https://www.expedia.co.uk/All-Madinah-Hotels.d602705.Travel-Guide-City-All-Hotels,2026-07-21,فندق أركان المانار,Arkan Almanar Hotel,OTA English + standardized Arabic
Al Alya Hotel Rooms and Suites,,,المدينة المنورة,Hotel / Accommodation,مصدر حجز — يحتاج مطابقة الترخيص / OTA sourced — licence verification required,Expedia Madinah all-properties directory,https://www.expedia.co.uk/All-Madinah-Hotels.d602705.Travel-Guide-City-All-Hotels,2026-07-21,أجنحة اليا رومس و,Al Alya Hotel Rooms and Suites,OTA English + standardized Arabic
Frontel Al Harithia EX Majlis Grand,,,المدينة المنورة,Hotel / Accommodation,مصدر حجز — يحتاج مطابقة الترخيص / OTA sourced — licence verification required,Expedia Madinah all-properties directory,https://www.expedia.co.uk/All-Madinah-Hotels.d602705.Travel-Guide-City-All-Hotels,2026-07-21,فرونتيل الحارثية يكس ماجليس جراند,Frontel Al Harithia EX Majlis Grand,OTA English + standardized Arabic
Glamour Tabba Apartments,,,المدينة المنورة,Hotel / Accommodation,مصدر حجز — يحتاج مطابقة الترخيص / OTA sourced — licence verification required,Expedia Madinah all-properties directory,https://www.expedia.co.uk/All-Madinah-Hotels.d602705.Travel-Guide-City-All-Hotels,2026-07-21,شقق جلامور طابة,Glamour Tabba Apartments,OTA English + standardized Arabic
Manar Al Iman Hotel,,,المدينة المنورة,Hotel / Accommodation,مصدر حجز — يحتاج مطابقة الترخيص / OTA sourced — licence verification required,Expedia Madinah all-properties directory,https://www.expedia.co.uk/All-Madinah-Hotels.d602705.Travel-Guide-City-All-Hotels,2026-07-21,فندق منار الإيمان,Manar Al Iman Hotel,OTA English + standardized Arabic
Sela Hotel,,,المدينة المنورة,Hotel / Accommodation,مصدر حجز — يحتاج مطابقة الترخيص / OTA sourced — licence verification required,Expedia Madinah all-properties directory,https://www.expedia.co.uk/All-Madinah-Hotels.d602705.Travel-Guide-City-All-Hotels,2026-07-21,فندق سيلا,Sela Hotel,OTA English + standardized Arabic
Wadi Al Sufaraa Hotel,,,المدينة المنورة,Hotel / Accommodation,مصدر حجز — يحتاج مطابقة الترخيص / OTA sourced — licence verification required,Expedia Madinah all-properties directory,https://www.expedia.co.uk/All-Madinah-Hotels.d602705.Travel-Guide-City-All-Hotels,2026-07-21,فندق وادي السفراء,Wadi Al Sufaraa Hotel,OTA English + standardized Arabic
Dar Al Reda,,,المدينة المنورة,Hotel / Accommodation,مصدر حجز — يحتاج مطابقة الترخيص / OTA sourced — licence verification required,Expedia Madinah all-properties directory,https://www.expedia.co.uk/All-Madinah-Hotels.d602705.Travel-Guide-City-All-Hotels,2026-07-21,فندق دار الرضا,Dar Al Reda,OTA English + standardized Arabic
Plaza Inn Ohud,,,المدينة المنورة,Hotel / Accommodation,مصدر حجز — يحتاج مطابقة الترخيص / OTA sourced — licence verification required,Expedia Madinah all-properties directory,https://www.expedia.co.uk/All-Madinah-Hotels.d602705.Travel-Guide-City-All-Hotels,2026-07-21,بلازا إن أحد,Plaza Inn Ohud,OTA English + standardized Arabic
The Seasons Hotel-king Abdullah,,,المدينة المنورة,Hotel / Accommodation,مصدر حجز — يحتاج مطابقة الترخيص / OTA sourced — licence verification required,Expedia Madinah all-properties directory,https://www.expedia.co.uk/All-Madinah-Hotels.d602705.Travel-Guide-City-All-Hotels,2026-07-21,فندق ذا سيزونز كينج ابدوللاه,The Seasons Hotel-king Abdullah,OTA English + standardized Arabic
Al Sharif Economic Aperment,,,المدينة المنورة,Hotel / Accommodation,مصدر حجز — يحتاج مطابقة الترخيص / OTA sourced — licence verification required,Expedia Madinah all-properties directory,https://www.expedia.co.uk/All-Madinah-Hotels.d602705.Travel-Guide-City-All-Hotels,2026-07-21,الشريف الاقتصادي ابيرمينت,Al Sharif Economic Aperment,OTA English + standardized Arabic
Teela Hotel,,,المدينة المنورة,Hotel / Accommodation,مصدر حجز — يحتاج مطابقة الترخيص / OTA sourced — licence verification required,Expedia Madinah all-properties directory,https://www.expedia.co.uk/All-Madinah-Hotels.d602705.Travel-Guide-City-All-Hotels,2026-07-21,فندق تيلا,Teela Hotel,OTA English + standardized Arabic
Rabwat Al Safwa Golden Hotel,,,المدينة المنورة,Hotel / Accommodation,مصدر حجز — يحتاج مطابقة الترخيص / OTA sourced — licence verification required,Expedia Madinah all-properties directory,https://www.expedia.co.uk/All-Madinah-Hotels.d602705.Travel-Guide-City-All-Hotels,2026-07-21,فندق ربوة الصفوة جولدن,Rabwat Al Safwa Golden Hotel,OTA English + standardized Arabic
Mias Hotel Medina,,,المدينة المنورة,Hotel / Accommodation,مصدر حجز — يحتاج مطابقة الترخيص / OTA sourced — licence verification required,Expedia Madinah all-properties directory,https://www.expedia.co.uk/All-Madinah-Hotels.d602705.Travel-Guide-City-All-Hotels,2026-07-21,فندق مياس المدينة,Mias Hotel Medina,OTA English + standardized Arabic
Regency View Hotel,,,المدينة المنورة,Hotel / Accommodation,مصدر حجز — يحتاج مطابقة الترخيص / OTA sourced — licence verification required,Expedia Madinah all-properties directory,https://www.expedia.co.uk/All-Madinah-Hotels.d602705.Travel-Guide-City-All-Hotels,2026-07-21,فندق ريجنسي فيو,Regency View Hotel,OTA English + standardized Arabic
Lamar Taiba Serviced Apartment,,,المدينة المنورة,Hotel / Accommodation,مصدر حجز — يحتاج مطابقة الترخيص / OTA sourced — licence verification required,Expedia Madinah all-properties directory,https://www.expedia.co.uk/All-Madinah-Hotels.d602705.Travel-Guide-City-All-Hotels,2026-07-21,شقق مخدومة لمار طيبة,Lamar Taiba Serviced Apartment,OTA English + standardized Arabic
Durrat Al Aziziyah Serviced Apartments,,,المدينة المنورة,Hotel / Accommodation,مصدر حجز — يحتاج مطابقة الترخيص / OTA sourced — licence verification required,Expedia Madinah all-properties directory,https://www.expedia.co.uk/All-Madinah-Hotels.d602705.Travel-Guide-City-All-Hotels,2026-07-21,شقق مخدومة درة العزيزية,Durrat Al Aziziyah Serviced Apartments,OTA English + standardized Arabic
Diyar Al Taqwa,,,المدينة المنورة,Hotel / Accommodation,مصدر حجز — يحتاج مطابقة الترخيص / OTA sourced — licence verification required,Expedia Madinah all-properties directory,https://www.expedia.co.uk/All-Madinah-Hotels.d602705.Travel-Guide-City-All-Hotels,2026-07-21,فندق دار التقوى,Diyar Al Taqwa,OTA English + standardized Arabic
Signature Guest Hotel Al Madinah,,,المدينة المنورة,Hotel / Accommodation,مصدر حجز — يحتاج مطابقة الترخيص / OTA sourced — licence verification required,Expedia Madinah all-properties directory,https://www.expedia.co.uk/All-Madinah-Hotels.d602705.Travel-Guide-City-All-Hotels,2026-07-21,فندق سيجنتشر جيست المدينة,Signature Guest Hotel Al Madinah,OTA English + standardized Arabic
Rotana Al Mesk Hotel,,,المدينة المنورة,Hotel / Accommodation,مصدر حجز — يحتاج مطابقة الترخيص / OTA sourced — licence verification required,Expedia Madinah all-properties directory,https://www.expedia.co.uk/All-Madinah-Hotels.d602705.Travel-Guide-City-All-Hotels,2026-07-21,فندق روتانا المسك,Rotana Al Mesk Hotel,OTA English + standardized Arabic
Al Saha Hotel by Sedra International,,,المدينة المنورة,Hotel / Accommodation,مصدر حجز — يحتاج مطابقة الترخيص / OTA sourced — licence verification required,Expedia Madinah all-properties directory,https://www.expedia.co.uk/All-Madinah-Hotels.d602705.Travel-Guide-City-All-Hotels,2026-07-21,فندق الساحة باي سدرة إنترناشيونال,Al Saha Hotel by Sedra International,OTA English + standardized Arabic
Luma Serviced Apartments,,,المدينة المنورة,Hotel / Accommodation,مصدر حجز — يحتاج مطابقة الترخيص / OTA sourced — licence verification required,Expedia Madinah all-properties directory,https://www.expedia.co.uk/All-Madinah-Hotels.d602705.Travel-Guide-City-All-Hotels,2026-07-21,شقق مخدومة لوما,Luma Serviced Apartments,OTA English + standardized Arabic
Anaf Hotel,,,المدينة المنورة,Hotel / Accommodation,مصدر حجز — يحتاج مطابقة الترخيص / OTA sourced — licence verification required,Expedia Madinah all-properties directory,https://www.expedia.co.uk/All-Madinah-Hotels.d602705.Travel-Guide-City-All-Hotels,2026-07-21,فندق أناف,Anaf Hotel,OTA English + standardized Arabic
Odest Hotel Al Madina,,,المدينة المنورة,Hotel / Accommodation,مصدر حجز — يحتاج مطابقة الترخيص / OTA sourced — licence verification required,Expedia Madinah all-properties directory,https://www.expedia.co.uk/All-Madinah-Hotels.d602705.Travel-Guide-City-All-Hotels,2026-07-21,فندق أودست المدينة,Odest Hotel Al Madina,OTA English + standardized Arabic
Honey Apartments And Rooms,,,المدينة المنورة,Hotel / Accommodation,مصدر حجز — يحتاج مطابقة الترخيص / OTA sourced — licence verification required,Expedia Madinah all-properties directory,https://www.expedia.co.uk/All-Madinah-Hotels.d602705.Travel-Guide-City-All-Hotels,2026-07-21,شقق هوني و رومس,Honey Apartments And Rooms,OTA English + standardized Arabic
Almukhtar Aldahbe,,,المدينة المنورة,Hotel / Accommodation,مصدر حجز — يحتاج مطابقة الترخيص / OTA sourced — licence verification required,Expedia Madinah all-properties directory,https://www.expedia.co.uk/All-Madinah-Hotels.d602705.Travel-Guide-City-All-Hotels,2026-07-21,الموختار الداهبي,Almukhtar Aldahbe,OTA English + standardized Arabic
Adwaa Almadina Hotel,,,المدينة المنورة,Hotel / Accommodation,مصدر حجز — يحتاج مطابقة الترخيص / OTA sourced — licence verification required,Expedia Madinah all-properties directory,https://www.expedia.co.uk/All-Madinah-Hotels.d602705.Travel-Guide-City-All-Hotels,2026-07-21,فندق أضواء المادينا,Adwaa Almadina Hotel,OTA English + standardized Arabic
Artal Taibah Hotel,,,المدينة المنورة,Hotel / Accommodation,مصدر حجز — يحتاج مطابقة الترخيص / OTA sourced — licence verification required,Expedia Madinah all-properties directory,https://www.expedia.co.uk/All-Madinah-Hotels.d602705.Travel-Guide-City-All-Hotels,2026-07-21,فندق أرتال طيبة,Artal Taibah Hotel,OTA English + standardized Arabic
wafiahotel,,,المدينة المنورة,Hotel / Accommodation,مصدر حجز — يحتاج مطابقة الترخيص / OTA sourced — licence verification required,Expedia Madinah all-properties directory,https://www.expedia.co.uk/All-Madinah-Hotels.d602705.Travel-Guide-City-All-Hotels,2026-07-21,وافياهوتيل,wafiahotel,OTA English + standardized Arabic
Al Mukhtara Plaza Hotel,,,المدينة المنورة,Hotel / Accommodation,مصدر حجز — يحتاج مطابقة الترخيص / OTA sourced — licence verification required,Expedia Madinah all-properties directory,https://www.expedia.co.uk/All-Madinah-Hotels.d602705.Travel-Guide-City-All-Hotels,2026-07-21,فندق المختارة بلازا,Al Mukhtara Plaza Hotel,OTA English + standardized Arabic
BORJ JAZIRAT ALARAB HOTEL,,,المدينة المنورة,Hotel / Accommodation,مصدر حجز — يحتاج مطابقة الترخيص / OTA sourced — licence verification required,Expedia Madinah all-properties directory,https://www.expedia.co.uk/All-Madinah-Hotels.d602705.Travel-Guide-City-All-Hotels,2026-07-21,فندق برج جزيرة العرب,BORJ JAZIRAT ALARAB HOTEL,OTA English + standardized Arabic
Makin Hotel,,,المدينة المنورة,Hotel / Accommodation,مصدر حجز — يحتاج مطابقة الترخيص / OTA sourced — licence verification required,Expedia Madinah all-properties directory,https://www.expedia.co.uk/All-Madinah-Hotels.d602705.Travel-Guide-City-All-Hotels,2026-07-21,فندق مكين,Makin Hotel,OTA English + standardized Arabic
Jadah Residence-By Ch,,,المدينة المنورة,Hotel / Accommodation,مصدر حجز — يحتاج مطابقة الترخيص / OTA sourced — licence verification required,Expedia Madinah all-properties directory,https://www.expedia.co.uk/All-Madinah-Hotels.d602705.Travel-Guide-City-All-Hotels,2026-07-21,فندق جادة ريزيدنس باي سي إتش,Jadah Residence-By Ch,OTA English + standardized Arabic
Odest Medina,,,المدينة المنورة,Hotel / Accommodation,مصدر حجز — يحتاج مطابقة الترخيص / OTA sourced — licence verification required,Expedia Madinah all-properties directory,https://www.expedia.co.uk/All-Madinah-Hotels.d602705.Travel-Guide-City-All-Hotels,2026-07-21,أودست المدينة,Odest Medina,OTA English + standardized Arabic
Diamond Corners Circular Hotel,,,المدينة المنورة,Hotel / Accommodation,مصدر حجز — يحتاج مطابقة الترخيص / OTA sourced — licence verification required,Expedia Madinah all-properties directory,https://www.expedia.co.uk/All-Madinah-Hotels.d602705.Travel-Guide-City-All-Hotels,2026-07-21,فندق دايموند كورنرز سيركلر,Diamond Corners Circular Hotel,OTA English + standardized Arabic
Wardh rahiq hotel,,,المدينة المنورة,Hotel / Accommodation,مصدر حجز — يحتاج مطابقة الترخيص / OTA sourced — licence verification required,Expedia Madinah all-properties directory,https://www.expedia.co.uk/All-Madinah-Hotels.d602705.Travel-Guide-City-All-Hotels,2026-07-21,فندق وارده رحيق,Wardh rahiq hotel,OTA English + standardized Arabic
فندق مرسى القصر Marsa Alqaser Hotel,,,المدينة المنورة,Hotel / Accommodation,مصدر حجز — يحتاج مطابقة الترخيص / OTA sourced — licence verification required,Expedia Madinah all-properties directory,https://www.expedia.co.uk/All-Madinah-Hotels.d602705.Travel-Guide-City-All-Hotels,2026-07-21,فندق مرسى القصر,Marsa Alqaser Hotel,Bilingual source row
Wahat Al Madinah Hotel Apartments,,,المدينة المنورة,Hotel / Accommodation,مصدر حجز — يحتاج مطابقة الترخيص / OTA sourced — licence verification required,Expedia Madinah all-properties directory,https://www.expedia.co.uk/All-Madinah-Hotels.d602705.Travel-Guide-City-All-Hotels,2026-07-21,شقق واهات المدينة,Wahat Al Madinah Hotel Apartments,OTA English + standardized Arabic
Mayar Golden Hotel,,,المدينة المنورة,Hotel / Accommodation,مصدر حجز — يحتاج مطابقة الترخيص / OTA sourced — licence verification required,Expedia Madinah all-properties directory,https://www.expedia.co.uk/All-Madinah-Hotels.d602705.Travel-Guide-City-All-Hotels,2026-07-21,فندق ميار جولدن,Mayar Golden Hotel,OTA English + standardized Arabic
Retaj Al Rawda,,,المدينة المنورة,Hotel / Accommodation,مصدر حجز — يحتاج مطابقة الترخيص / OTA sourced — licence verification required,Expedia Madinah all-properties directory,https://www.expedia.co.uk/All-Madinah-Hotels.d602705.Travel-Guide-City-All-Hotels,2026-07-21,رتاج الروضة,Retaj Al Rawda,OTA English + standardized Arabic
Burj Mawaddah Hotel,,,المدينة المنورة,Hotel / Accommodation,مصدر حجز — يحتاج مطابقة الترخيص / OTA sourced — licence verification required,Expedia Madinah all-properties directory,https://www.expedia.co.uk/All-Madinah-Hotels.d602705.Travel-Guide-City-All-Hotels,2026-07-21,فندق بورج مودة,Burj Mawaddah Hotel,OTA English + standardized Arabic
Hotel Elite Haven,,,المدينة المنورة,Hotel / Accommodation,مصدر حجز — يحتاج مطابقة الترخيص / OTA sourced — licence verification required,Expedia Madinah all-properties directory,https://www.expedia.co.uk/All-Madinah-Hotels.d602705.Travel-Guide-City-All-Hotels,2026-07-21,فندق إيليت هافين,Hotel Elite Haven,OTA English + standardized Arabic
Triple Three Hotel,,,المدينة المنورة,Hotel / Accommodation,مصدر حجز — يحتاج مطابقة الترخيص / OTA sourced — licence verification required,Expedia Madinah all-properties directory,https://www.expedia.co.uk/All-Madinah-Hotels.d602705.Travel-Guide-City-All-Hotels,2026-07-21,فندق تريبُل ثري,Triple Three Hotel,OTA English + standardized Arabic
Waqf Outhman Bin Affan Hotel,,,المدينة المنورة,Hotel / Accommodation,مصدر حجز — يحتاج مطابقة الترخيص / OTA sourced — licence verification required,Expedia Madinah all-properties directory,https://www.expedia.co.uk/All-Madinah-Hotels.d602705.Travel-Guide-City-All-Hotels,2026-07-21,فندق وقف عثمان بن عفان,Waqf Outhman Bin Affan Hotel,OTA English + standardized Arabic
Hayah Al Waha Hotel,,,المدينة المنورة,Hotel / Accommodation,مصدر حجز — يحتاج مطابقة الترخيص / OTA sourced — licence verification required,Expedia Madinah all-properties directory,https://www.expedia.co.uk/All-Madinah-Hotels.d602705.Travel-Guide-City-All-Hotels,2026-07-21,فندق حياة الواحة,Hayah Al Waha Hotel,OTA English + standardized Arabic
Vatoran Luxury Apartments,,,المدينة المنورة,Hotel / Accommodation,مصدر حجز — يحتاج مطابقة الترخيص / OTA sourced — licence verification required,Expedia Madinah all-properties directory,https://www.expedia.co.uk/All-Madinah-Hotels.d602705.Travel-Guide-City-All-Hotels,2026-07-21,شقق فاتوران لاكجري,Vatoran Luxury Apartments,OTA English + standardized Arabic
hotel roh almadena,,,المدينة المنورة,Hotel / Accommodation,مصدر حجز — يحتاج مطابقة الترخيص / OTA sourced — licence verification required,Expedia Madinah all-properties directory,https://www.expedia.co.uk/All-Madinah-Hotels.d602705.Travel-Guide-City-All-Hotels,2026-07-21,فندق روح المادينا,hotel roh almadena,OTA English + standardized Arabic
Deem Almadina Hotel,,,المدينة المنورة,Hotel / Accommodation,مصدر حجز — يحتاج مطابقة الترخيص / OTA sourced — licence verification required,Expedia Madinah all-properties directory,https://www.expedia.co.uk/All-Madinah-Hotels.d602705.Travel-Guide-City-All-Hotels,2026-07-21,فندق ديم المدينة,Deem Almadina Hotel,OTA English + standardized Arabic
Astoneast Taiba Hotel Ex Artal Al Alami,,,المدينة المنورة,Hotel / Accommodation,مصدر حجز — يحتاج مطابقة الترخيص / OTA sourced — licence verification required,Expedia Madinah all-properties directory,https://www.expedia.co.uk/All-Madinah-Hotels.d602705.Travel-Guide-City-All-Hotels,2026-07-21,فندق أستون إيست طيبة يكس أرتال الامي,Astoneast Taiba Hotel Ex Artal Al Alami,OTA English + standardized Arabic
Anis Al Nafoos Serviced Apartments,,,المدينة المنورة,Hotel / Accommodation,مصدر حجز — يحتاج مطابقة الترخيص / OTA sourced — licence verification required,Expedia Madinah all-properties directory,https://www.expedia.co.uk/All-Madinah-Hotels.d602705.Travel-Guide-City-All-Hotels,2026-07-21,شقق مخدومة أنيس النفوس,Anis Al Nafoos Serviced Apartments,OTA English + standardized Arabic
Mukhtara Al Gharbi Hotel,,,المدينة المنورة,Hotel / Accommodation,مصدر حجز — يحتاج مطابقة الترخيص / OTA sourced — licence verification required,Expedia Madinah all-properties directory,https://www.expedia.co.uk/All-Madinah-Hotels.d602705.Travel-Guide-City-All-Hotels,2026-07-21,فندق المختارة الغربي,Mukhtara Al Gharbi Hotel,OTA English + standardized Arabic
Vatoran Hotel,,,المدينة المنورة,Hotel / Accommodation,مصدر حجز — يحتاج مطابقة الترخيص / OTA sourced — licence verification required,Expedia Madinah all-properties directory,https://www.expedia.co.uk/All-Madinah-Hotels.d602705.Travel-Guide-City-All-Hotels,2026-07-21,فندق فاتوران,Vatoran Hotel,OTA English + standardized Arabic
My Home 2 Apartments,,,المدينة المنورة,Hotel / Accommodation,مصدر حجز — يحتاج مطابقة الترخيص / OTA sourced — licence verification required,Expedia Madinah all-properties directory,https://www.expedia.co.uk/All-Madinah-Hotels.d602705.Travel-Guide-City-All-Hotels,2026-07-21,شقق مي هوم 2,My Home 2 Apartments,OTA English + standardized Arabic
Haza Manzeli Rabwa Branch,,,المدينة المنورة,Hotel / Accommodation,مصدر حجز — يحتاج مطابقة الترخيص / OTA sourced — licence verification required,Expedia Madinah all-properties directory,https://www.expedia.co.uk/All-Madinah-Hotels.d602705.Travel-Guide-City-All-Hotels,2026-07-21,هازا مانزيلي رابوا برانتش,Haza Manzeli Rabwa Branch,OTA English + standardized Arabic
Tabba Residential suites اجنحه طابه السكنيه,,,المدينة المنورة,Hotel / Accommodation,مصدر حجز — يحتاج مطابقة الترخيص / OTA sourced — licence verification required,Expedia Madinah all-properties directory,https://www.expedia.co.uk/All-Madinah-Hotels.d602705.Travel-Guide-City-All-Hotels,2026-07-21,اجنحه طابه السكنيه,Tabba Residential suites,Bilingual source row
Nawa Almadina Hotel,,,المدينة المنورة,Hotel / Accommodation,مصدر حجز — يحتاج مطابقة الترخيص / OTA sourced — licence verification required,Expedia Madinah all-properties directory,https://www.expedia.co.uk/All-Madinah-Hotels.d602705.Travel-Guide-City-All-Hotels,2026-07-21,فندق نوى المادينا,Nawa Almadina Hotel,OTA English + standardized Arabic
Anter Elzahaby Hotel,,,المدينة المنورة,Hotel / Accommodation,مصدر حجز — يحتاج مطابقة الترخيص / OTA sourced — licence verification required,Expedia Madinah all-properties directory,https://www.expedia.co.uk/All-Madinah-Hotels.d602705.Travel-Guide-City-All-Hotels,2026-07-21,فندق عنتر الذهبي,Anter Elzahaby Hotel,OTA English + standardized Arabic
Zaha Al-medina,,,المدينة المنورة,Hotel / Accommodation,مصدر حجز — يحتاج مطابقة الترخيص / OTA sourced — licence verification required,Expedia Madinah all-properties directory,https://www.expedia.co.uk/All-Madinah-Hotels.d602705.Travel-Guide-City-All-Hotels,2026-07-21,فندق زها المدينة,Zaha Al-medina,OTA English + standardized Arabic
The Biltmore Madinah,,,المدينة المنورة,Hotel / Accommodation,مصدر حجز — يحتاج مطابقة الترخيص / OTA sourced — licence verification required,Expedia Madinah all-properties directory,https://www.expedia.co.uk/All-Madinah-Hotels.d602705.Travel-Guide-City-All-Hotels,2026-07-21,فندق ذا بلتمور المدينة,The Biltmore Madinah,OTA English + standardized Arabic
ONARA STAY HOTEL,,,المدينة المنورة,Hotel / Accommodation,مصدر حجز — يحتاج مطابقة الترخيص / OTA sourced — licence verification required,Expedia Madinah all-properties directory,https://www.expedia.co.uk/All-Madinah-Hotels.d602705.Travel-Guide-City-All-Hotels,2026-07-21,فندق أونارا ستاي,ONARA STAY HOTEL,OTA English + standardized Arabic
Azar Al Salam Apartments,,,المدينة المنورة,Hotel / Accommodation,مصدر حجز — يحتاج مطابقة الترخيص / OTA sourced — licence verification required,Expedia Madinah all-properties directory,https://www.expedia.co.uk/All-Madinah-Hotels.d602705.Travel-Guide-City-All-Hotels,2026-07-21,شقق ازار السلام,Azar Al Salam Apartments,OTA English + standardized Arabic
Sama Al Khair,,,المدينة المنورة,Hotel / Accommodation,مصدر حجز — يحتاج مطابقة الترخيص / OTA sourced — licence verification required,Expedia Madinah all-properties directory,https://www.expedia.co.uk/All-Madinah-Hotels.d602705.Travel-Guide-City-All-Hotels,2026-07-21,سما الخير,Sama Al Khair,OTA English + standardized Arabic
Diamond corners Hotel,,,المدينة المنورة,Hotel / Accommodation,مصدر حجز — يحتاج مطابقة الترخيص / OTA sourced — licence verification required,Expedia Madinah all-properties directory,https://www.expedia.co.uk/All-Madinah-Hotels.d602705.Travel-Guide-City-All-Hotels,2026-07-21,فندق دايموند كورنرز,Diamond corners Hotel,OTA English + standardized Arabic
Reef Alsharq Serviced Apartments,,,المدينة المنورة,Hotel / Accommodation,مصدر حجز — يحتاج مطابقة الترخيص / OTA sourced — licence verification required,Expedia Madinah all-properties directory,https://www.expedia.co.uk/All-Madinah-Hotels.d602705.Travel-Guide-City-All-Hotels,2026-07-21,شقق مخدومة ريف الشارك,Reef Alsharq Serviced Apartments,OTA English + standardized Arabic
Balensia Hotel,,,المدينة المنورة,Hotel / Accommodation,مصدر حجز — يحتاج مطابقة الترخيص / OTA sourced — licence verification required,Expedia Madinah all-properties directory,https://www.expedia.co.uk/All-Madinah-Hotels.d602705.Travel-Guide-City-All-Hotels,2026-07-21,فندق بلنسية المدينة,Balensia Hotel,OTA English + standardized Arabic
Dan Hotel,,,المدينة المنورة,Hotel / Accommodation,مصدر حجز — يحتاج مطابقة الترخيص / OTA sourced — licence verification required,Expedia Madinah all-properties directory,https://www.expedia.co.uk/All-Madinah-Hotels.d602705.Travel-Guide-City-All-Hotels,2026-07-21,فندق دان,Dan Hotel,OTA English + standardized Arabic
Aknan Al Munawarah Serviced Apartments,,,المدينة المنورة,Hotel / Accommodation,مصدر حجز — يحتاج مطابقة الترخيص / OTA sourced — licence verification required,Expedia Madinah all-properties directory,https://www.expedia.co.uk/All-Madinah-Hotels.d602705.Travel-Guide-City-All-Hotels,2026-07-21,شقق مخدومة أكنان المنورة,Aknan Al Munawarah Serviced Apartments,OTA English + standardized Arabic
Platinum The First,,,المدينة المنورة,Hotel / Accommodation,مصدر حجز — يحتاج مطابقة الترخيص / OTA sourced — licence verification required,Expedia Madinah all-properties directory,https://www.expedia.co.uk/All-Madinah-Hotels.d602705.Travel-Guide-City-All-Hotels,2026-07-21,فندق بلاتينيوم الأول,Platinum The First,OTA English + standardized Arabic
Dar Al Eiman Ohud,,,المدينة المنورة,Hotel / Accommodation,مصدر حجز — يحتاج مطابقة الترخيص / OTA sourced — licence verification required,Expedia Madinah all-properties directory,https://www.expedia.co.uk/All-Madinah-Hotels.d602705.Travel-Guide-City-All-Hotels,2026-07-21,دار الإيمان أحد,Dar Al Eiman Ohud,OTA English + standardized Arabic
Hotel SDU Boutique Al Madinah,,,المدينة المنورة,Hotel / Accommodation,مصدر حجز — يحتاج مطابقة الترخيص / OTA sourced — licence verification required,Expedia Madinah all-properties directory,https://www.expedia.co.uk/All-Madinah-Hotels.d602705.Travel-Guide-City-All-Hotels,2026-07-21,فندق سدو بوتيك المدينة,Hotel SDU Boutique Al Madinah,OTA English + standardized Arabic
Salsbil alzahbi hotel,,,المدينة المنورة,Hotel / Accommodation,مصدر حجز — يحتاج مطابقة الترخيص / OTA sourced — licence verification required,Expedia Madinah all-properties directory,https://www.expedia.co.uk/All-Madinah-Hotels.d602705.Travel-Guide-City-All-Hotels,2026-07-21,فندق سلسبيل الذهبي,Salsbil alzahbi hotel,OTA English + standardized Arabic
Odst Al Madinah,,,المدينة المنورة,Hotel / Accommodation,مصدر حجز — يحتاج مطابقة الترخيص / OTA sourced — licence verification required,Expedia Madinah all-properties directory,https://www.expedia.co.uk/All-Madinah-Hotels.d602705.Travel-Guide-City-All-Hotels,2026-07-21,فندق أودست المدينة,Odst Al Madinah,OTA English + standardized Arabic
Ansam Taiba Hotel,,,المدينة المنورة,Hotel / Accommodation,مصدر حجز — يحتاج مطابقة الترخيص / OTA sourced — licence verification required,Expedia Madinah all-properties directory,https://www.expedia.co.uk/All-Madinah-Hotels.d602705.Travel-Guide-City-All-Hotels,2026-07-21,فندق أنسام طيبة,Ansam Taiba Hotel,OTA English + standardized Arabic
Maden Hotel,,,المدينة المنورة,Hotel / Accommodation,مصدر حجز — يحتاج مطابقة الترخيص / OTA sourced — licence verification required,Expedia Madinah all-properties directory,https://www.expedia.co.uk/All-Madinah-Hotels.d602705.Travel-Guide-City-All-Hotels,2026-07-21,فندق مادن المدينة,Maden Hotel,OTA English + standardized Arabic
manzil uhud 2,,,المدينة المنورة,Hotel / Accommodation,مصدر حجز — يحتاج مطابقة الترخيص / OTA sourced — licence verification required,Expedia Madinah all-properties directory,https://www.expedia.co.uk/All-Madinah-Hotels.d602705.Travel-Guide-City-All-Hotels,2026-07-21,منزل أحد 2,manzil uhud 2,OTA English + standardized Arabic
gelnar alraqi,,,المدينة المنورة,Hotel / Accommodation,مصدر حجز — يحتاج مطابقة الترخيص / OTA sourced — licence verification required,Expedia Madinah all-properties directory,https://www.expedia.co.uk/All-Madinah-Hotels.d602705.Travel-Guide-City-All-Hotels,2026-07-21,جلنار الراكي,gelnar alraqi,OTA English + standardized Arabic
Hayah Salam Silver Hotel,,,المدينة المنورة,Hotel / Accommodation,مصدر حجز — يحتاج مطابقة الترخيص / OTA sourced — licence verification required,Expedia Madinah all-properties directory,https://www.expedia.co.uk/All-Madinah-Hotels.d602705.Travel-Guide-City-All-Hotels,2026-07-21,فندق حياة السلام سيلفر,Hayah Salam Silver Hotel,OTA English + standardized Arabic
Al-mukhtara Tower - Economy,,,المدينة المنورة,Hotel / Accommodation,مصدر حجز — يحتاج مطابقة الترخيص / OTA sourced — licence verification required,Expedia Madinah all-properties directory,https://www.expedia.co.uk/All-Madinah-Hotels.d602705.Travel-Guide-City-All-Hotels,2026-07-21,المختارة تاور يكونومي,Al-mukhtara Tower - Economy,OTA English + standardized Arabic
Rawdat Al Mukhtara Hotel,,,المدينة المنورة,Hotel / Accommodation,مصدر حجز — يحتاج مطابقة الترخيص / OTA sourced — licence verification required,Expedia Madinah all-properties directory,https://www.expedia.co.uk/All-Madinah-Hotels.d602705.Travel-Guide-City-All-Hotels,2026-07-21,فندق روضة المختارة,Rawdat Al Mukhtara Hotel,OTA English + standardized Arabic
Vatoran Hotel 2,,,المدينة المنورة,Hotel / Accommodation,مصدر حجز — يحتاج مطابقة الترخيص / OTA sourced — licence verification required,Expedia Madinah all-properties directory,https://www.expedia.co.uk/All-Madinah-Hotels.d602705.Travel-Guide-City-All-Hotels,2026-07-21,فندق فاتوران 2,Vatoran Hotel 2,OTA English + standardized Arabic
Surestay By Best Western Madinah,,,المدينة المنورة,Hotel / Accommodation,مصدر حجز — يحتاج مطابقة الترخيص / OTA sourced — licence verification required,Expedia Madinah all-properties directory,https://www.expedia.co.uk/All-Madinah-Hotels.d602705.Travel-Guide-City-All-Hotels,2026-07-21,شورستاي باي بست ويسترن المدينة,Surestay By Best Western Madinah,OTA English + standardized Arabic
Sidrathul Aaliya Hotel,,,المدينة المنورة,Hotel / Accommodation,مصدر حجز — يحتاج مطابقة الترخيص / OTA sourced — licence verification required,Expedia Madinah all-properties directory,https://www.expedia.co.uk/All-Madinah-Hotels.d602705.Travel-Guide-City-All-Hotels,2026-07-21,فندق سيدراثول االييا,Sidrathul Aaliya Hotel,OTA English + standardized Arabic
Al Mustarah Hotel,,,المدينة المنورة,Hotel / Accommodation,مصدر حجز — يحتاج مطابقة الترخيص / OTA sourced — licence verification required,Expedia Madinah all-properties directory,https://www.expedia.co.uk/All-Madinah-Hotels.d602705.Travel-Guide-City-All-Hotels,2026-07-21,فندق المستراح,Al Mustarah Hotel,OTA English + standardized Arabic
Hampton By Hilton Madinah Central District,,,المدينة المنورة,Hotel / Accommodation,مصدر حجز — يحتاج مطابقة الترخيص / OTA sourced — licence verification required,Expedia Madinah all-properties directory,https://www.expedia.co.uk/All-Madinah-Hotels.d602705.Travel-Guide-City-All-Hotels,2026-07-21,هامبتون من هيلتون المدينة سنترال ديستريكت,Hampton By Hilton Madinah Central District,OTA English + standardized Arabic
Madinah Ma Venpick Hotel,,,المدينة المنورة,Hotel / Accommodation,مصدر حجز — يحتاج مطابقة الترخيص / OTA sourced — licence verification required,Expedia Madinah all-properties directory,https://www.expedia.co.uk/All-Madinah-Hotels.d602705.Travel-Guide-City-All-Hotels,2026-07-21,فندق المدينة ما فنبيك,Madinah Ma Venpick Hotel,OTA English + standardized Arabic
LECHAL,,,المدينة المنورة,Hotel / Accommodation,مصدر حجز — يحتاج مطابقة الترخيص / OTA sourced — licence verification required,Expedia Madinah all-properties directory,https://www.expedia.co.uk/All-Madinah-Hotels.d602705.Travel-Guide-City-All-Hotels,2026-07-21,ليشال,LECHAL,OTA English + standardized Arabic
Y Platinum Hotel,,,المدينة المنورة,Hotel / Accommodation,مصدر حجز — يحتاج مطابقة الترخيص / OTA sourced — licence verification required,Expedia Madinah all-properties directory,https://www.expedia.co.uk/All-Madinah-Hotels.d602705.Travel-Guide-City-All-Hotels,2026-07-21,فندق ي بلاتينيوم,Y Platinum Hotel,OTA English + standardized Arabic
GOSONA LBASIKA HOTEL,,,المدينة المنورة,Hotel / Accommodation,مصدر حجز — يحتاج مطابقة الترخيص / OTA sourced — licence verification required,Expedia Madinah all-properties directory,https://www.expedia.co.uk/All-Madinah-Hotels.d602705.Travel-Guide-City-All-Hotels,2026-07-21,فندق قصونا لباسيكا,GOSONA LBASIKA HOTEL,OTA English + standardized Arabic
Wings of the desert resting place,,,المدينة المنورة,Hotel / Accommodation,مصدر حجز — يحتاج مطابقة الترخيص / OTA sourced — licence verification required,Expedia Madinah all-properties directory,https://www.expedia.co.uk/All-Madinah-Hotels.d602705.Travel-Guide-City-All-Hotels,2026-07-21,وينجز وف ذا الصحراء استراحة بليس,Wings of the desert resting place,OTA English + standardized Arabic
8Points Hotel - Al Salam 2,,,المدينة المنورة,Hotel / Accommodation,مصدر حجز — يحتاج مطابقة الترخيص / OTA sourced — licence verification required,Expedia Madinah all-properties directory,https://www.expedia.co.uk/All-Madinah-Hotels.d602705.Travel-Guide-City-All-Hotels,2026-07-21,فندق 8 بوينتس السلام 2,8Points Hotel - Al Salam 2,OTA English + standardized Arabic
Zowar International Hotel,,,المدينة المنورة,Hotel / Accommodation,مصدر حجز — يحتاج مطابقة الترخيص / OTA sourced — licence verification required,Expedia Madinah all-properties directory,https://www.expedia.co.uk/All-Madinah-Hotels.d602705.Travel-Guide-City-All-Hotels,2026-07-21,فندق زوار إنترناشيونال,Zowar International Hotel,OTA English + standardized Arabic
Dar Al Eshaal Hotel,,,المدينة المنورة,Hotel / Accommodation,مصدر حجز — يحتاج مطابقة الترخيص / OTA sourced — licence verification required,Expedia Madinah all-properties directory,https://www.expedia.co.uk/All-Madinah-Hotels.d602705.Travel-Guide-City-All-Hotels,2026-07-21,فندق دار ال يشاال,Dar Al Eshaal Hotel,OTA English + standardized Arabic
MEHAD MADINAH QUBA,,,المدينة المنورة,Hotel / Accommodation,مصدر حجز — يحتاج مطابقة الترخيص / OTA sourced — licence verification required,Expedia Madinah all-properties directory,https://www.expedia.co.uk/All-Madinah-Hotels.d602705.Travel-Guide-City-All-Hotels,2026-07-21,ميهاد المدينة قباء,MEHAD MADINAH QUBA,OTA English + standardized Arabic
Nour Al Raqia Suites,,,المدينة المنورة,Hotel / Accommodation,مصدر حجز — يحتاج مطابقة الترخيص / OTA sourced — licence verification required,Expedia Madinah all-properties directory,https://www.expedia.co.uk/All-Madinah-Hotels.d602705.Travel-Guide-City-All-Hotels,2026-07-21,أجنحة نور الراقية,Nour Al Raqia Suites,OTA English + standardized Arabic
Beyond Limits hotel,,,المدينة المنورة,Hotel / Accommodation,مصدر حجز — يحتاج مطابقة الترخيص / OTA sourced — licence verification required,Expedia Madinah all-properties directory,https://www.expedia.co.uk/All-Madinah-Hotels.d602705.Travel-Guide-City-All-Hotels,2026-07-21,فندق بيوند ليمتس,Beyond Limits hotel,OTA English + standardized Arabic
VALY Al-Madinah Hotel,,,المدينة المنورة,Hotel / Accommodation,مصدر حجز — يحتاج مطابقة الترخيص / OTA sourced — licence verification required,Booking.com Madinah directory,https://www.booking.com/city/sa/medina.en-gb.html,2026-07-21,فندق فالِي المدينة,VALY Al-Madinah Hotel,OTA English + standardized Arabic
View Al Madinah Hotel,,,المدينة المنورة,Hotel / Accommodation,مصدر حجز — يحتاج مطابقة الترخيص / OTA sourced — licence verification required,Booking.com Madinah directory,https://www.booking.com/city/sa/medina.en-gb.html,2026-07-21,فندق فيو المدينة,View Al Madinah Hotel,OTA English + standardized Arabic
MADEN Taiba HOTEL,,,المدينة المنورة,Hotel / Accommodation,مصدر حجز — يحتاج مطابقة الترخيص / OTA sourced — licence verification required,Booking.com Madinah directory,https://www.booking.com/city/sa/medina.en-gb.html,2026-07-21,فندق مادن طيبة,MADEN Taiba HOTEL,OTA English + standardized Arabic
Elite Alnokhba - Alkhalidiyyah,,,المدينة المنورة,Hotel / Accommodation,مصدر حجز — يحتاج مطابقة الترخيص / OTA sourced — licence verification required,Booking.com Madinah directory,https://www.booking.com/city/sa/medina.en-gb.html,2026-07-21,إيليت النوخبا الخاليدييياه,Elite Alnokhba - Alkhalidiyyah,OTA English + standardized Arabic
Nozol Royal Hotel,,,المدينة المنورة,Hotel / Accommodation,مصدر حجز — يحتاج مطابقة الترخيص / OTA sourced — licence verification required,Booking.com Madinah directory,https://www.booking.com/city/sa/medina.en-gb.html,2026-07-21,فندق نزل رويال,Nozol Royal Hotel,OTA English + standardized Arabic
Al Muna Kareem Hotel- EX LEADER,,,المدينة المنورة,Hotel / Accommodation,مصدر حجز — يحتاج مطابقة الترخيص / OTA sourced — licence verification required,Booking.com Madinah directory,https://www.booking.com/city/sa/medina.en-gb.html,2026-07-21,فندق ال منى كريم يكس ليدير,Al Muna Kareem Hotel- EX LEADER,OTA English + standardized Arabic
Emaar Elite Al Madina Hotel,,,المدينة المنورة,Hotel / Accommodation,مصدر حجز — يحتاج مطابقة الترخيص / OTA sourced — licence verification required,Booking.com Madinah directory,https://www.booking.com/city/sa/medina.en-gb.html,2026-07-21,فندق إعمار إيليت المدينة,Emaar Elite Al Madina Hotel,OTA English + standardized Arabic
فندق روح المدينة,,,المدينة المنورة,Hotel / Accommodation,مصدر حجز — يحتاج مطابقة الترخيص / OTA sourced — licence verification required,Booking.com Madinah directory,https://www.booking.com/city/sa/medina.en-gb.html,2026-07-21,فندق روح المدينة,Rwh Madinah Hotel,Standardized transliteration
نزل الاوائل,,,المدينة المنورة,Hotel / Accommodation,مصدر حجز — يحتاج مطابقة الترخيص / OTA sourced — licence verification required,Booking.com Madinah directory,https://www.booking.com/city/sa/medina.en-gb.html,2026-07-21,نزل الاوائل,Nozol Al Awael Hotel,Standardized transliteration
فندق رؤى الاندلس البلاتيني - Roaa Alandalus Platinum Hotel,,,المدينة المنورة,Hotel / Accommodation,مصدر حجز — يحتاج مطابقة الترخيص / OTA sourced — licence verification required,Booking.com Madinah directory,https://www.booking.com/city/sa/medina.en-gb.html,2026-07-21,فندق رؤى الاندلس البلاتيني,Roaa Alandalus Platinum Hotel,Bilingual source row
Afaq Al Salam Al Zahabi Hotel Ex Riyadh Al Madinah Hotel,,,المدينة المنورة,Hotel / Accommodation,مصدر حجز — يحتاج مطابقة الترخيص / OTA sourced — licence verification required,Booking.com Madinah directory,https://www.booking.com/city/sa/medina.en-gb.html,2026-07-21,فندق افاك السلام الذهبي يكس ريياده المدينة,Afaq Al Salam Al Zahabi Hotel Ex Riyadh Al Madinah Hotel,OTA English + standardized Arabic
أصالة الألماسة,,,المدينة المنورة,Hotel / Accommodation,مصدر حجز — يحتاج مطابقة الترخيص / OTA sourced — licence verification required,Booking.com Madinah directory,https://www.booking.com/city/sa/medina.en-gb.html,2026-07-21,أصالة الألماسة,Asala Al Almasa Hotel,Standardized transliteration
Diyar Altaqwa Hotel,,,المدينة المنورة,Hotel / Accommodation,مصدر حجز — يحتاج مطابقة الترخيص / OTA sourced — licence verification required,Booking.com Madinah directory,https://www.booking.com/city/sa/medina.en-gb.html,2026-07-21,فندق ديار التاكوا,Diyar Altaqwa Hotel,OTA English + standardized Arabic
فندق قصر الاندلس الذهبي - Alandalus Golden Palace Hotel,,,المدينة المنورة,Hotel / Accommodation,مصدر حجز — يحتاج مطابقة الترخيص / OTA sourced — licence verification required,Booking.com Madinah directory,https://www.booking.com/city/sa/medina.en-gb.html,2026-07-21,فندق قصر الاندلس الذهبي,Alandalus Golden Palace Hotel,Bilingual source row
Bosphorus Hotel Medina,,,المدينة المنورة,Hotel / Accommodation,مصدر حجز — يحتاج مطابقة الترخيص / OTA sourced — licence verification required,Booking.com Madinah directory,https://www.booking.com/city/sa/medina.en-gb.html,2026-07-21,فندق البسفور المدينة,Bosphorus Hotel Medina,OTA English + standardized Arabic
The Venue Al Harithia Hotel,,,المدينة المنورة,Hotel / Accommodation,مصدر حجز — يحتاج مطابقة الترخيص / OTA sourced — licence verification required,Booking.com Madinah directory,https://www.booking.com/city/sa/medina.en-gb.html,2026-07-21,فندق فينيو الحارثية,The Venue Al Harithia Hotel,OTA English + standardized Arabic
Bosphorus Hotel Waqf Safi,,,المدينة المنورة,Hotel / Accommodation,مصدر حجز — يحتاج مطابقة الترخيص / OTA sourced — licence verification required,Booking.com Madinah directory,https://www.booking.com/city/sa/medina.en-gb.html,2026-07-21,فندق البسفور وقف سافي,Bosphorus Hotel Waqf Safi,OTA English + standardized Arabic
SAJA By Warwick Madinah Hotel,,,المدينة المنورة,Hotel / Accommodation,مصدر حجز — يحتاج مطابقة الترخيص / OTA sourced — licence verification required,Booking.com Madinah directory,https://www.booking.com/city/sa/medina.en-gb.html,2026-07-21,فندق سجى باي وارويك المدينة,SAJA By Warwick Madinah Hotel,OTA English + standardized Arabic
Quba luxury,,,المدينة المنورة,Hotel / Accommodation,مصدر حجز — يحتاج مطابقة الترخيص / OTA sourced — licence verification required,Booking.com Madinah directory,https://www.booking.com/city/sa/medina.en-gb.html,2026-07-21,قباء لاكجري,Quba luxury,OTA English + standardized Arabic
Park Plus Served Apartments,,,المدينة المنورة,Hotel / Accommodation,مصدر حجز — يحتاج مطابقة الترخيص / OTA sourced — licence verification required,Booking.com Madinah directory,https://www.booking.com/city/sa/medina.en-gb.html,2026-07-21,شقق بارك بلس سيرفيد,Park Plus Served Apartments,OTA English + standardized Arabic
Quba Suites نزل قباء,,,المدينة المنورة,Hotel / Accommodation,مصدر حجز — يحتاج مطابقة الترخيص / OTA sourced — licence verification required,Booking.com Madinah directory,https://www.booking.com/city/sa/medina.en-gb.html,2026-07-21,نزل قباء,Quba Suites,Bilingual source row
Park Al Madinah Serviced Apartments,,,المدينة المنورة,Hotel / Accommodation,مصدر حجز — يحتاج مطابقة الترخيص / OTA sourced — licence verification required,Booking.com Madinah directory,https://www.booking.com/city/sa/medina.en-gb.html,2026-07-21,شقق مخدومة بارك المدينة,Park Al Madinah Serviced Apartments,OTA English + standardized Arabic
Quba Peace سلام قباء,,,المدينة المنورة,Hotel / Accommodation,مصدر حجز — يحتاج مطابقة الترخيص / OTA sourced — licence verification required,Booking.com Madinah directory,https://www.booking.com/city/sa/medina.en-gb.html,2026-07-21,سلام قباء,Quba Peace,Bilingual source row
Manazel Marez for serviced apartments,,,المدينة المنورة,Hotel / Accommodation,مصدر حجز — يحتاج مطابقة الترخيص / OTA sourced — licence verification required,Booking.com Madinah directory,https://www.booking.com/city/sa/medina.en-gb.html,2026-07-21,شقق مخدومة منازل ماريز فور,Manazel Marez for serviced apartments,OTA English + standardized Arabic
Quba View-شقق قباء,,,المدينة المنورة,Hotel / Accommodation,مصدر حجز — يحتاج مطابقة الترخيص / OTA sourced — licence verification required,Booking.com Madinah directory,https://www.booking.com/city/sa/medina.en-gb.html,2026-07-21,شقق قباء,Quba View,Bilingual source row
ELEGANT SERVICED APARTMENTS,,,المدينة المنورة,Hotel / Accommodation,مصدر حجز — يحتاج مطابقة الترخيص / OTA sourced — licence verification required,Booking.com Madinah directory,https://www.booking.com/city/sa/medina.en-gb.html,2026-07-21,شقق مخدومة إليجانت,ELEGANT SERVICED APARTMENTS,OTA English + standardized Arabic
Qurban Al Madina Hotel,,,المدينة المنورة,Hotel / Accommodation,مصدر حجز — يحتاج مطابقة الترخيص / OTA sourced — licence verification required,Booking.com Madinah directory,https://www.booking.com/city/sa/medina.en-gb.html,2026-07-21,فندق قربان المدينة,Qurban Al Madina Hotel,OTA English + standardized Arabic
Diyar AlSaliheen Serviced Apartments,,,المدينة المنورة,Hotel / Accommodation,مصدر حجز — يحتاج مطابقة الترخيص / OTA sourced — licence verification required,Booking.com Madinah directory,https://www.booking.com/city/sa/medina.en-gb.html,2026-07-21,شقق مخدومة ديار الساليهين,Diyar AlSaliheen Serviced Apartments,OTA English + standardized Arabic
Quba Al-Majidiah - قباء الماجدية,,,المدينة المنورة,Hotel / Accommodation,مصدر حجز — يحتاج مطابقة الترخيص / OTA sourced — licence verification required,Booking.com Madinah directory,https://www.booking.com/city/sa/medina.en-gb.html,2026-07-21,قباء الماجدية,Quba Al Majidiah,Bilingual source row
alfakhama almasia Serviced Apartments,,,المدينة المنورة,Hotel / Accommodation,مصدر حجز — يحتاج مطابقة الترخيص / OTA sourced — licence verification required,Booking.com Madinah directory,https://www.booking.com/city/sa/medina.en-gb.html,2026-07-21,شقق مخدومة الفاخاما الماسيا,alfakhama almasia Serviced Apartments,OTA English + standardized Arabic
AbdulAziz Suites Hotel,,,المدينة المنورة,Hotel / Accommodation,مصدر حجز — يحتاج مطابقة الترخيص / OTA sourced — licence verification required,Booking.com Madinah directory,https://www.booking.com/city/sa/medina.en-gb.html,2026-07-21,أجنحة عبدالعزيز,AbdulAziz Suites Hotel,OTA English + standardized Arabic
Ruve Al Madinah Hotel,,,المدينة المنورة,Hotel / Accommodation,مصدر حجز — يحتاج مطابقة الترخيص / OTA sourced — licence verification required,Booking.com Madinah directory,https://www.booking.com/city/sa/medina.en-gb.html,2026-07-21,فندق روف المدينة,Ruve Al Madinah Hotel,OTA English + standardized Arabic
